anio_enfr,prov_id,grupo_edad_amp,sexo,dm_total,dm_total_se,dm_total_cv,dm_prev,dm_prev_se,dm_prev_cv,region,dm_prev_cv_cat
2005,02,20 a 29,Mujer,7193,4517.7,0.63,0.03,0.02,0.62,,Muy alta
2005,02,20 a 29,Varón,6343,3494.72,0.55,0.02,0.01,0.55,,Muy alta
2005,02,30 a 44,Mujer,8244,4595.68,0.56,0.02,0.01,0.55,,Muy alta
2005,02,30 a 44,Varón,9083,3942.18,0.43,0.03,0.01,0.43,,Muy alta
2005,02,45 a 59,Mujer,14629,4652.99,0.32,0.05,0.01,0.31,,Muy alta
2005,02,45 a 59,Varón,26797,7669.55,0.29,0.13,0.03,0.27,,Alta
2005,02,60 a 74,Mujer,40614,11233.01,0.28,0.19,0.05,0.24,,Alta
2005,02,60 a 74,Varón,41244,9502.24,0.23,0.2,0.04,0.21,,Alta
2005,02,75+,Mujer,16494,4735.82,0.29,0.13,0.03,0.27,,Alta
2005,02,75+,Varón,19159,6114.53,0.32,0.24,0.07,0.27,,Alta
2005,06,20 a 29,Mujer,22301,8275.23,0.37,0.02,0.01,0.37,,Muy alta
2005,06,20 a 29,Varón,20346,12712.52,0.62,0.02,0.01,0.62,,Muy alta
2005,06,30 a 44,Mujer,101394,21429.5,0.21,0.06,0.01,0.21,,Alta
2005,06,30 a 44,Varón,49048,13505.88,0.28,0.04,0.01,0.27,,Alta
2005,06,45 a 59,Mujer,120718,24656.69,0.2,0.11,0.02,0.19,,Moderada
2005,06,45 a 59,Varón,110814,26683.72,0.24,0.1,0.02,0.23,,Alta
2005,06,60 a 74,Mujer,150384,27399.29,0.18,0.19,0.03,0.16,,Moderada
2005,06,60 a 74,Varón,108933,21801.5,0.2,0.16,0.03,0.18,,Moderada
2005,06,75+,Mujer,66886,16675.92,0.25,0.18,0.04,0.22,,Alta
2005,06,75+,Varón,78511,22192.49,0.28,0.3,0.07,0.23,,Alta
2005,10,20 a 29,Mujer,835,484.86,0.58,0.04,0.02,0.56,,Muy alta
2005,10,20 a 29,Varón,587,277.83,0.47,0.03,0.01,0.47,,Muy alta
2005,10,30 a 44,Mujer,2119,516.79,0.24,0.08,0.02,0.23,,Alta
2005,10,30 a 44,Varón,1019,333.61,0.33,0.04,0.01,0.32,,Muy alta
2005,10,45 a 59,Mujer,2383,547.86,0.23,0.14,0.03,0.22,,Alta
2005,10,45 a 59,Varón,2021,594.56,0.29,0.13,0.04,0.28,,Alta
2005,10,60 a 74,Mujer,2946,645.14,0.22,0.31,0.06,0.19,,Moderada
2005,10,60 a 74,Varón,1133,375.42,0.33,0.15,0.05,0.31,,Muy alta
2005,10,75+,Mujer,341,170.22,0.5,0.11,0.05,0.48,,Muy alta
2005,10,75+,Varón,241,118.96,0.49,0.11,0.05,0.49,,Muy alta
2005,14,20 a 29,Mujer,11863,5457.45,0.46,0.05,0.02,0.45,,Muy alta
2005,14,20 a 29,Varón,5391,4237.88,0.79,0.02,0.02,0.78,,Muy alta
2005,14,30 a 44,Mujer,18425,5065,0.27,0.06,0.02,0.27,,Alta
2005,14,30 a 44,Varón,14519,6797.12,0.47,0.07,0.03,0.44,,Muy alta
2005,14,45 a 59,Mujer,27552,9211.61,0.33,0.12,0.04,0.31,,Muy alta
2005,14,45 a 59,Varón,23803,6875.68,0.29,0.15,0.04,0.26,,Alta
2005,14,60 a 74,Mujer,38093,9065.27,0.24,0.23,0.05,0.2,,Moderada
2005,14,60 a 74,Varón,34427,9093.35,0.26,0.22,0.05,0.23,,Alta
2005,14,75+,Mujer,10380,2971.59,0.29,0.17,0.04,0.27,,Alta
2005,14,75+,Varón,8449,3455.95,0.41,0.18,0.07,0.38,,Muy alta
2005,18,20 a 29,Mujer,5472,2009.52,0.37,0.08,0.03,0.35,,Muy alta
2005,18,20 a 29,Varón,989,627.42,0.63,0.02,0.01,0.63,,Muy alta
2005,18,30 a 44,Mujer,3962,1061.33,0.27,0.05,0.01,0.26,,Alta
2005,18,30 a 44,Varón,1624,697.27,0.43,0.02,0.01,0.43,,Muy alta
2005,18,45 a 59,Mujer,5058,1418.69,0.28,0.1,0.03,0.27,,Alta
2005,18,45 a 59,Varón,7148,1953.21,0.27,0.15,0.04,0.25,,Alta
2005,18,60 a 74,Mujer,5969,1390.18,0.23,0.2,0.04,0.21,,Alta
2005,18,60 a 74,Varón,4863,1380.51,0.28,0.22,0.06,0.25,,Alta
2005,18,75+,Mujer,576,353.03,0.61,0.05,0.03,0.61,,Muy alta
2005,18,75+,Varón,1643,699.88,0.43,0.22,0.09,0.4,,Muy alta
2005,22,20 a 29,Mujer,3264,1186.6,0.36,0.05,0.02,0.35,,Muy alta
2005,22,20 a 29,Varón,1985,811.22,0.41,0.03,0.01,0.4,,Muy alta
2005,22,30 a 44,Mujer,7576,1572.48,0.21,0.1,0.02,0.2,,Moderada
2005,22,30 a 44,Varón,2784,932.53,0.33,0.04,0.01,0.33,,Muy alta
2005,22,45 a 59,Mujer,6322,1577.73,0.25,0.14,0.03,0.23,,Alta
2005,22,45 a 59,Varón,4906,1500.85,0.31,0.09,0.03,0.29,,Alta
2005,22,60 a 74,Mujer,7019,1571.99,0.22,0.23,0.04,0.19,,Moderada
2005,22,60 a 74,Varón,3480,974.12,0.28,0.16,0.04,0.27,,Alta
2005,22,75+,Mujer,1567,603.97,0.39,0.13,0.05,0.37,,Muy alta
2005,22,75+,Varón,1220,471.38,0.39,0.15,0.06,0.38,,Muy alta
2005,26,20 a 29,Mujer,1098,414.86,0.38,0.04,0.02,0.37,,Muy alta
2005,26,20 a 29,Varón,552,324.42,0.59,0.02,0.01,0.59,,Muy alta
2005,26,30 a 44,Mujer,3669,946.7,0.26,0.09,0.02,0.25,,Alta
2005,26,30 a 44,Varón,2295,665.8,0.29,0.06,0.02,0.29,,Alta
2005,26,45 a 59,Mujer,4116,767.73,0.19,0.14,0.02,0.18,,Moderada
2005,26,45 a 59,Varón,3631,831.23,0.23,0.14,0.03,0.22,,Alta
2005,26,60 a 74,Mujer,2912,724.66,0.25,0.17,0.04,0.23,,Alta
2005,26,60 a 74,Varón,2035,493.92,0.24,0.12,0.03,0.26,,Alta
2005,26,75+,Mujer,2001,665.68,0.33,0.29,0.08,0.27,,Alta
2005,26,75+,Varón,592,264.77,0.45,0.27,0.11,0.4,,Muy alta
2005,30,20 a 29,Mujer,3298,1537.78,0.47,0.04,0.02,0.46,,Muy alta
2005,30,20 a 29,Varón,577,408.83,0.71,0.01,0.01,0.71,,Muy alta
2005,30,30 a 44,Mujer,4964,1547.58,0.31,0.05,0.02,0.31,,Muy alta
2005,30,30 a 44,Varón,1599,759.92,0.48,0.02,0.01,0.48,,Muy alta
2005,30,45 a 59,Mujer,6811,2034.23,0.3,0.1,0.03,0.28,,Alta
2005,30,45 a 59,Varón,10227,2767.55,0.27,0.13,0.03,0.25,,Alta
2005,30,60 a 74,Mujer,10077,2810.82,0.28,0.18,0.04,0.25,,Alta
2005,30,60 a 74,Varón,6408,1816.53,0.28,0.14,0.04,0.27,,Alta
2005,30,75+,Mujer,5444,1965.15,0.36,0.18,0.06,0.35,,Muy alta
2005,30,75+,Varón,3471,1653.05,0.48,0.19,0.08,0.42,,Muy alta
2005,34,20 a 29,Mujer,1438,415.01,0.29,0.05,0.01,0.29,,Alta
2005,34,20 a 29,Varón,177,125.21,0.71,0.01,0.01,0.71,,Muy alta
2005,34,30 a 44,Mujer,1540,457.89,0.3,0.04,0.01,0.29,,Alta
2005,34,30 a 44,Varón,2214,727.21,0.33,0.06,0.02,0.32,,Muy alta
2005,34,45 a 59,Mujer,3981,1230.52,0.31,0.19,0.05,0.26,,Alta
2005,34,45 a 59,Varón,2391,578.54,0.24,0.1,0.02,0.24,,Alta
2005,34,60 a 74,Mujer,3060,822.37,0.27,0.29,0.07,0.24,,Alta
2005,34,60 a 74,Varón,680,275.74,0.41,0.09,0.04,0.41,,Muy alta
2005,34,75+,Mujer,1485,901.67,0.61,0.22,0.12,0.55,,Muy alta
2005,34,75+,Varón,184,100.2,0.54,0.04,0.02,0.58,,Muy alta
2005,38,20 a 29,Mujer,663,419.69,0.63,0.02,0.01,0.63,,Muy alta
2005,38,20 a 29,Varón,0,0,,0,0,,,
2005,38,30 a 44,Mujer,2064,582.1,0.28,0.03,0.01,0.29,,Alta
2005,38,30 a 44,Varón,996,456.12,0.46,0.02,0.01,0.46,,Muy alta
2005,38,45 a 59,Mujer,1603,490.84,0.31,0.05,0.02,0.33,,Muy alta
2005,38,45 a 59,Varón,2592,913.72,0.35,0.08,0.03,0.34,,Muy alta
2005,38,60 a 74,Mujer,1335,434.41,0.33,0.08,0.02,0.32,,Muy alta
2005,38,60 a 74,Varón,2773,796.21,0.29,0.13,0.04,0.29,,Alta
2005,38,75+,Mujer,795,261.85,0.33,0.11,0.04,0.35,,Muy alta
2005,38,75+,Varón,778,331.78,0.43,0.15,0.06,0.41,,Muy alta
2005,42,20 a 29,Mujer,709,272.06,0.38,0.05,0.02,0.38,,Muy alta
2005,42,20 a 29,Varón,57,57,1,0,0,1,,Muy alta
2005,42,30 a 44,Mujer,2568,694.31,0.27,0.1,0.03,0.25,,Alta
2005,42,30 a 44,Varón,194,139.27,0.72,0.01,0.01,0.72,,Muy alta
2005,42,45 a 59,Mujer,1431,380.16,0.27,0.09,0.02,0.26,,Alta
2005,42,45 a 59,Varón,1426,478.78,0.34,0.09,0.03,0.32,,Muy alta
2005,42,60 a 74,Mujer,1329,438.62,0.33,0.14,0.04,0.3,,Alta
2005,42,60 a 74,Varón,1256,425.31,0.34,0.17,0.05,0.31,,Muy alta
2005,42,75+,Mujer,399,172.45,0.43,0.09,0.04,0.41,,Muy alta
2005,42,75+,Varón,887,363.76,0.41,0.22,0.08,0.35,,Muy alta
2005,46,20 a 29,Mujer,1266,428.36,0.34,0.05,0.02,0.33,,Muy alta
2005,46,20 a 29,Varón,489,224.4,0.46,0.02,0.01,0.46,,Muy alta
2005,46,30 a 44,Mujer,2469,545.05,0.22,0.09,0.02,0.21,,Alta
2005,46,30 a 44,Varón,829,330.73,0.4,0.03,0.01,0.39,,Muy alta
2005,46,45 a 59,Mujer,3252,634.97,0.2,0.22,0.04,0.17,,Moderada
2005,46,45 a 59,Varón,1897,484.52,0.26,0.11,0.03,0.24,,Alta
2005,46,60 a 74,Mujer,1896,496.4,0.26,0.22,0.05,0.23,,Alta
2005,46,60 a 74,Varón,2033,512.67,0.25,0.23,0.05,0.23,,Alta
2005,46,75+,Mujer,603,257.86,0.43,0.23,0.08,0.36,,Muy alta
2005,46,75+,Varón,86,62.43,0.73,0.04,0.03,0.74,,Muy alta
2005,50,20 a 29,Mujer,1586,912.4,0.58,0.02,0.01,0.57,,Muy alta
2005,50,20 a 29,Varón,3334,1928.03,0.58,0.03,0.02,0.57,,Muy alta
2005,50,30 a 44,Mujer,2414,1023.51,0.42,0.02,0.01,0.42,,Muy alta
2005,50,30 a 44,Varón,1400,805.91,0.58,0.01,0.01,0.58,,Muy alta
2005,50,45 a 59,Mujer,10095,2463.36,0.24,0.1,0.02,0.23,,Alta
2005,50,45 a 59,Varón,11566,3278.06,0.28,0.11,0.03,0.27,,Alta
2005,50,60 a 74,Mujer,10138,2677.29,0.26,0.12,0.03,0.25,,Alta
2005,50,60 a 74,Varón,4331,1401.83,0.32,0.1,0.03,0.32,,Muy alta
2005,50,75+,Mujer,5926,1820.28,0.31,0.16,0.05,0.29,,Alta
2005,50,75+,Varón,7200,1968.69,0.27,0.33,0.07,0.22,,Alta
2005,54,20 a 29,Mujer,1131,591.79,0.52,0.02,0.01,0.52,,Muy alta
2005,54,20 a 29,Varón,1057,545.62,0.52,0.02,0.01,0.51,,Muy alta
2005,54,30 a 44,Mujer,4964,1342.58,0.27,0.07,0.02,0.26,,Alta
2005,54,30 a 44,Varón,1830,655.63,0.36,0.04,0.01,0.36,,Muy alta
2005,54,45 a 59,Mujer,4958,1470.74,0.3,0.12,0.03,0.28,,Alta
2005,54,45 a 59,Varón,4723,1246.32,0.26,0.09,0.02,0.25,,Alta
2005,54,60 a 74,Mujer,5610,1530.99,0.27,0.21,0.05,0.24,,Alta
2005,54,60 a 74,Varón,3269,921.67,0.28,0.16,0.04,0.27,,Alta
2005,54,75+,Mujer,965,399.06,0.41,0.13,0.05,0.4,,Muy alta
2005,54,75+,Varón,2082,703.47,0.34,0.19,0.06,0.32,,Muy alta
2005,58,20 a 29,Mujer,1908,652.84,0.34,0.06,0.02,0.33,,Muy alta
2005,58,20 a 29,Varón,1471,679.92,0.46,0.05,0.02,0.45,,Muy alta
2005,58,30 a 44,Mujer,4982,1055.03,0.21,0.1,0.02,0.2,,Moderada
2005,58,30 a 44,Varón,2748,839.94,0.31,0.07,0.02,0.29,,Alta
2005,58,45 a 59,Mujer,3063,811.68,0.26,0.11,0.03,0.25,,Alta
2005,58,45 a 59,Varón,3510,976.2,0.28,0.11,0.03,0.26,,Alta
2005,58,60 a 74,Mujer,2341,607.59,0.26,0.2,0.05,0.24,,Alta
2005,58,60 a 74,Varón,2630,699.32,0.27,0.21,0.05,0.24,,Alta
2005,58,75+,Mujer,1268,440.92,0.35,0.17,0.06,0.34,,Muy alta
2005,58,75+,Varón,466,258.82,0.56,0.11,0.06,0.54,,Muy alta
2005,62,20 a 29,Mujer,1335,452.4,0.34,0.05,0.02,0.33,,Muy alta
2005,62,20 a 29,Varón,1086,483.5,0.45,0.03,0.01,0.44,,Muy alta
2005,62,30 a 44,Mujer,4222,1011.88,0.24,0.08,0.02,0.23,,Alta
2005,62,30 a 44,Varón,1585,818.18,0.52,0.04,0.02,0.5,,Muy alta
2005,62,45 a 59,Mujer,6103,1131.95,0.19,0.16,0.03,0.17,,Moderada
2005,62,45 a 59,Varón,2672,823.5,0.31,0.07,0.02,0.3,,Alta
2005,62,60 a 74,Mujer,4727,1176.57,0.25,0.22,0.05,0.21,,Alta
2005,62,60 a 74,Varón,4821,1392.05,0.29,0.24,0.06,0.25,,Alta
2005,62,75+,Mujer,1861,641.39,0.34,0.21,0.06,0.31,,Muy alta
2005,62,75+,Varón,2075,960.49,0.46,0.29,0.11,0.38,,Muy alta
2005,66,20 a 29,Mujer,1966,1032.79,0.53,0.02,0.01,0.52,,Muy alta
2005,66,20 a 29,Varón,511,457.56,0.9,0.01,0.01,0.89,,Muy alta
2005,66,30 a 44,Mujer,3598,1275.22,0.35,0.04,0.01,0.35,,Muy alta
2005,66,30 a 44,Varón,1980,826.66,0.42,0.02,0.01,0.42,,Muy alta
2005,66,45 a 59,Mujer,4655,1135.26,0.24,0.08,0.02,0.24,,Alta
2005,66,45 a 59,Varón,2130,799.39,0.38,0.04,0.01,0.37,,Muy alta
2005,66,60 a 74,Mujer,2741,703.26,0.26,0.09,0.02,0.26,,Alta
2005,66,60 a 74,Varón,2724,1032.84,0.38,0.11,0.04,0.36,,Muy alta
2005,66,75+,Mujer,1787,552.39,0.31,0.15,0.05,0.34,,Muy alta
2005,66,75+,Varón,1632,846.99,0.52,0.14,0.07,0.51,,Muy alta
2005,70,20 a 29,Mujer,2096,770.16,0.37,0.05,0.02,0.36,,Muy alta
2005,70,20 a 29,Varón,1460,623.51,0.43,0.03,0.01,0.42,,Muy alta
2005,70,30 a 44,Mujer,5715,1331.29,0.23,0.09,0.02,0.22,,Alta
2005,70,30 a 44,Varón,1666,730.22,0.44,0.03,0.01,0.43,,Muy alta
2005,70,45 a 59,Mujer,5180,1213.14,0.23,0.12,0.03,0.22,,Alta
2005,70,45 a 59,Varón,2506,909.47,0.36,0.06,0.02,0.35,,Muy alta
2005,70,60 a 74,Mujer,5337,1108.39,0.21,0.2,0.04,0.19,,Moderada
2005,70,60 a 74,Varón,4226,1120.19,0.27,0.21,0.05,0.24,,Alta
2005,70,75+,Mujer,1967,818.34,0.42,0.18,0.07,0.36,,Muy alta
2005,70,75+,Varón,3255,1072.68,0.33,0.31,0.09,0.27,,Alta
2005,74,20 a 29,Mujer,1355,402.07,0.3,0.05,0.02,0.29,,Alta
2005,74,20 a 29,Varón,547,362.77,0.66,0.02,0.01,0.66,,Muy alta
2005,74,30 a 44,Mujer,5151,954.51,0.19,0.14,0.02,0.17,,Moderada
2005,74,30 a 44,Varón,1649,564.52,0.34,0.05,0.02,0.33,,Muy alta
2005,74,45 a 59,Mujer,4092,802.16,0.2,0.15,0.03,0.18,,Moderada
2005,74,45 a 59,Varón,2920,746.69,0.26,0.12,0.03,0.24,,Alta
2005,74,60 a 74,Mujer,1358,367.2,0.27,0.09,0.02,0.26,,Alta
2005,74,60 a 74,Varón,2191,728.91,0.33,0.19,0.06,0.3,,Alta
2005,74,75+,Mujer,931,322.2,0.35,0.18,0.06,0.32,,Muy alta
2005,74,75+,Varón,347,168.43,0.49,0.08,0.04,0.48,,Muy alta
2005,78,20 a 29,Mujer,176,84.71,0.48,0.01,0.01,0.48,,Muy alta
2005,78,20 a 29,Varón,183,183,1,0.01,0.01,0.99,,Muy alta
2005,78,30 a 44,Mujer,1646,439.71,0.27,0.09,0.02,0.25,,Alta
2005,78,30 a 44,Varón,913,297.8,0.33,0.05,0.02,0.32,,Muy alta
2005,78,45 a 59,Mujer,1926,434.27,0.23,0.16,0.03,0.2,,Moderada
2005,78,45 a 59,Varón,2066,529.47,0.26,0.14,0.03,0.24,,Alta
2005,78,60 a 74,Mujer,1383,352.86,0.26,0.17,0.04,0.23,,Alta
2005,78,60 a 74,Varón,828,267.48,0.32,0.14,0.04,0.31,,Muy alta
2005,78,75+,Mujer,185,80.1,0.43,0.11,0.05,0.46,,Muy alta
2005,78,75+,Varón,121,74.32,0.61,0.1,0.06,0.62,,Muy alta
2005,82,20 a 29,Mujer,10543,4308.72,0.41,0.05,0.02,0.4,,Muy alta
2005,82,20 a 29,Varón,5567,2673.49,0.48,0.03,0.01,0.48,,Muy alta
2005,82,30 a 44,Mujer,9526,3288.78,0.35,0.04,0.01,0.34,,Muy alta
2005,82,30 a 44,Varón,10720,4027.55,0.38,0.04,0.02,0.37,,Muy alta
2005,82,45 a 59,Mujer,22514,5459.89,0.24,0.11,0.03,0.23,,Alta
2005,82,45 a 59,Varón,33434,8444.54,0.25,0.15,0.04,0.23,,Alta
2005,82,60 a 74,Mujer,25317,5480.53,0.22,0.14,0.03,0.2,,Moderada
2005,82,60 a 74,Varón,27533,7892.44,0.29,0.22,0.05,0.25,,Alta
2005,82,75+,Mujer,4710,1755.76,0.37,0.06,0.02,0.37,,Muy alta
2005,82,75+,Varón,8363,3821.52,0.46,0.21,0.09,0.41,,Muy alta
2005,86,20 a 29,Mujer,1364,533.32,0.39,0.03,0.01,0.39,,Muy alta
2005,86,20 a 29,Varón,1061,551.8,0.52,0.03,0.01,0.51,,Muy alta
2005,86,30 a 44,Mujer,3386,765.68,0.23,0.07,0.01,0.22,,Alta
2005,86,30 a 44,Varón,2829,746.54,0.26,0.06,0.02,0.26,,Alta
2005,86,45 a 59,Mujer,5471,1164.75,0.21,0.15,0.03,0.19,,Moderada
2005,86,45 a 59,Varón,5182,1128.84,0.22,0.16,0.03,0.2,,Moderada
2005,86,60 a 74,Mujer,3108,872.79,0.28,0.15,0.04,0.26,,Alta
2005,86,60 a 74,Varón,4893,1112.78,0.23,0.31,0.06,0.19,,Moderada
2005,86,75+,Mujer,620,250.85,0.4,0.06,0.03,0.41,,Muy alta
2005,86,75+,Varón,1253,440.35,0.35,0.19,0.06,0.32,,Muy alta
2005,90,20 a 29,Mujer,1385,640.35,0.46,0.01,0.01,0.46,,Muy alta
2005,90,20 a 29,Varón,0,0,,0,0,,,
2005,90,30 a 44,Mujer,9117,2301.21,0.25,0.08,0.02,0.24,,Alta
2005,90,30 a 44,Varón,1178,737.58,0.63,0.01,0.01,0.62,,Muy alta
2005,90,45 a 59,Mujer,10150,2279.61,0.22,0.12,0.03,0.21,,Alta
2005,90,45 a 59,Varón,5141,1563.12,0.3,0.06,0.02,0.3,,Alta
2005,90,60 a 74,Mujer,10969,2600.88,0.24,0.24,0.05,0.2,,Moderada
2005,90,60 a 74,Varón,8081,2053.77,0.25,0.2,0.05,0.23,,Alta
2005,90,75+,Mujer,1883,950.78,0.5,0.1,0.05,0.48,,Muy alta
2005,90,75+,Varón,2163,1178.44,0.54,0.15,0.08,0.5,,Muy alta
2005,94,20 a 29,Mujer,512,197.76,0.39,0.07,0.02,0.38,,Muy alta
2005,94,20 a 29,Varón,158,117.77,0.75,0.02,0.02,0.74,,Muy alta
2005,94,30 a 44,Mujer,2119,400.21,0.19,0.14,0.02,0.17,,Moderada
2005,94,30 a 44,Varón,740,231.32,0.31,0.06,0.02,0.3,,Alta
2005,94,45 a 59,Mujer,1179,265.97,0.23,0.15,0.03,0.21,,Alta
2005,94,45 a 59,Varón,585,195.26,0.33,0.08,0.02,0.32,,Muy alta
2005,94,60 a 74,Mujer,352,118.97,0.34,0.18,0.06,0.32,,Muy alta
2005,94,60 a 74,Varón,425,150.55,0.35,0.24,0.08,0.31,,Muy alta
2005,94,75+,Mujer,17,17,1,0.05,0.05,1.03,,Muy alta
2005,94,75+,Varón,105,74.33,0.71,0.26,0.16,0.61,,Muy alta
2009,,20 a 29,Mujer,73324,12563.16,0.17,0.04,0.01,0.17,Centro,Moderada
2009,,20 a 29,Varón,56206,12379.27,0.22,0.03,0.01,0.22,Centro,Alta
2009,,30 a 44,Mujer,214038,21955.47,0.1,0.08,0.01,0.1,Centro,Baja
2009,,30 a 44,Varón,88806,12803.14,0.14,0.04,0.01,0.14,Centro,Moderada
2009,,45 a 59,Mujer,208315,21014.38,0.1,0.1,0.01,0.1,Centro,Baja
2009,,45 a 59,Varón,200160,21697.08,0.11,0.11,0.01,0.1,Centro,Baja
2009,,60 a 74,Mujer,285619,23612.43,0.08,0.18,0.01,0.07,Centro,Baja
2009,,60 a 74,Varón,261297,24584.15,0.09,0.21,0.02,0.08,Centro,Baja
2009,,75+,Mujer,117194,13395.15,0.11,0.17,0.02,0.1,Centro,Baja
2009,,75+,Varón,101173,14568.15,0.14,0.21,0.03,0.13,Centro,Moderada
2009,,20 a 29,Mujer,13036,2850.32,0.22,0.06,0.01,0.21,Cuyo,Alta
2009,,20 a 29,Varón,5121,1817.42,0.35,0.03,0.01,0.35,Cuyo,Muy alta
2009,,30 a 44,Mujer,18431,2811.77,0.15,0.08,0.01,0.15,Cuyo,Moderada
2009,,30 a 44,Varón,14921,3434.01,0.23,0.06,0.01,0.22,Cuyo,Alta
2009,,45 a 59,Mujer,21713,3468.2,0.16,0.11,0.02,0.15,Cuyo,Moderada
2009,,45 a 59,Varón,25640,4256.71,0.17,0.14,0.02,0.15,Cuyo,Moderada
2009,,60 a 74,Mujer,37324,4471.2,0.12,0.24,0.03,0.11,Cuyo,Moderada
2009,,60 a 74,Varón,27444,4185.17,0.15,0.23,0.03,0.14,Cuyo,Moderada
2009,,75+,Mujer,11122,2285.37,0.21,0.2,0.04,0.19,Cuyo,Moderada
2009,,75+,Varón,6990,2168.12,0.31,0.16,0.04,0.28,Cuyo,Alta
2009,,20 a 29,Mujer,8592,2099.08,0.24,0.04,0.01,0.24,NEA,Alta
2009,,20 a 29,Varón,5425,1967.23,0.36,0.03,0.01,0.36,NEA,Muy alta
2009,,30 a 44,Mujer,21304,2955.9,0.14,0.08,0.01,0.13,NEA,Moderada
2009,,30 a 44,Varón,7677,1648.64,0.21,0.03,0.01,0.21,NEA,Alta
2009,,45 a 59,Mujer,34706,5199.36,0.15,0.17,0.02,0.13,NEA,Moderada
2009,,45 a 59,Varón,18845,2967.86,0.16,0.09,0.01,0.15,NEA,Moderada
2009,,60 a 74,Mujer,24194,3111.59,0.13,0.2,0.02,0.12,NEA,Moderada
2009,,60 a 74,Varón,18473,3237.79,0.18,0.2,0.03,0.16,NEA,Moderada
2009,,75+,Mujer,8214,1952.73,0.24,0.19,0.04,0.21,NEA,Alta
2009,,75+,Varón,5159,1410.25,0.27,0.18,0.04,0.25,NEA,Alta
2009,,20 a 29,Mujer,14471,3146.63,0.22,0.06,0.01,0.21,NOA1,Alta
2009,,20 a 29,Varón,11735,3144.09,0.27,0.05,0.01,0.26,NOA1,Alta
2009,,30 a 44,Mujer,18786,2958.1,0.16,0.07,0.01,0.15,NOA1,Moderada
2009,,30 a 44,Varón,8449,2445.78,0.29,0.04,0.01,0.28,NOA1,Alta
2009,,45 a 59,Mujer,31106,4398.3,0.14,0.14,0.02,0.13,NOA1,Moderada
2009,,45 a 59,Varón,27642,4360.49,0.16,0.16,0.02,0.14,NOA1,Moderada
2009,,60 a 74,Mujer,23752,3576.97,0.15,0.19,0.03,0.14,NOA1,Moderada
2009,,60 a 74,Varón,17241,3115.25,0.18,0.15,0.03,0.17,NOA1,Moderada
2009,,75+,Mujer,8679,1969.76,0.23,0.19,0.04,0.21,NOA1,Alta
2009,,75+,Varón,7075,1958.98,0.28,0.22,0.05,0.24,NOA1,Alta
2009,,20 a 29,Mujer,7086,1758.86,0.25,0.1,0.02,0.23,NOA2,Alta
2009,,20 a 29,Varón,3429,1113.17,0.32,0.05,0.02,0.32,NOA2,Muy alta
2009,,30 a 44,Mujer,10227,1800.07,0.18,0.12,0.02,0.17,NOA2,Moderada
2009,,30 a 44,Varón,5770,1606.68,0.28,0.08,0.02,0.26,NOA2,Alta
2009,,45 a 59,Mujer,12327,2280.55,0.19,0.21,0.03,0.16,NOA2,Moderada
2009,,45 a 59,Varón,11525,2376.52,0.21,0.19,0.03,0.18,NOA2,Moderada
2009,,60 a 74,Mujer,10134,1873.68,0.18,0.25,0.04,0.16,NOA2,Moderada
2009,,60 a 74,Varón,7864,1754.6,0.22,0.29,0.05,0.19,NOA2,Moderada
2009,,75+,Mujer,2958,901.32,0.3,0.2,0.06,0.28,NOA2,Alta
2009,,75+,Varón,1122,654.46,0.58,0.13,0.07,0.55,NOA2,Muy alta
2009,,20 a 29,Mujer,4055,1007.5,0.25,0.05,0.01,0.24,Patagonia Norte,Alta
2009,,20 a 29,Varón,1724,761.21,0.44,0.02,0.01,0.44,Patagonia Norte,Muy alta
2009,,30 a 44,Mujer,10589,1626.96,0.15,0.08,0.01,0.15,Patagonia Norte,Moderada
2009,,30 a 44,Varón,6425,1321.32,0.21,0.06,0.01,0.2,Patagonia Norte,Moderada
2009,,45 a 59,Mujer,10785,1679.41,0.16,0.11,0.02,0.15,Patagonia Norte,Moderada
2009,,45 a 59,Varón,10099,1819.39,0.18,0.11,0.02,0.17,Patagonia Norte,Moderada
2009,,60 a 74,Mujer,11865,1672.11,0.14,0.21,0.03,0.13,Patagonia Norte,Moderada
2009,,60 a 74,Varón,9567,1504.49,0.16,0.19,0.03,0.14,Patagonia Norte,Moderada
2009,,75+,Mujer,4567,921.63,0.2,0.2,0.04,0.19,Patagonia Norte,Moderada
2009,,75+,Varón,4868,1162,0.24,0.28,0.06,0.2,Patagonia Norte,Moderada
2009,,20 a 29,Mujer,4259,1130.86,0.27,0.08,0.02,0.25,Patagonia Sur,Alta
2009,,20 a 29,Varón,2181,649.74,0.3,0.04,0.01,0.29,Patagonia Sur,Alta
2009,,30 a 44,Mujer,8588,1331.22,0.16,0.11,0.02,0.15,Patagonia Sur,Moderada
2009,,30 a 44,Varón,4360,1031.56,0.24,0.06,0.01,0.23,Patagonia Sur,Alta
2009,,45 a 59,Mujer,8662,1368.77,0.16,0.15,0.02,0.15,Patagonia Sur,Moderada
2009,,45 a 59,Varón,7369,1404.03,0.19,0.14,0.02,0.18,Patagonia Sur,Moderada
2009,,60 a 74,Mujer,5805,921.59,0.16,0.19,0.03,0.15,Patagonia Sur,Moderada
2009,,60 a 74,Varón,8665,1377.06,0.16,0.31,0.04,0.13,Patagonia Sur,Moderada
2009,,75+,Mujer,1789,455.62,0.25,0.23,0.05,0.23,Patagonia Sur,Alta
2009,,75+,Varón,1380,483.94,0.35,0.2,0.07,0.32,Patagonia Sur,Muy alta
2013,,20 a 29,Mujer,53188,12646.49,0.24,0.03,0.01,0.24,Centro,Alta
2013,,20 a 29,Varón,74563,23858.99,0.32,0.04,0.01,0.31,Centro,Muy alta
2013,,30 a 44,Mujer,199765,25660.68,0.13,0.07,0.01,0.12,Centro,Moderada
2013,,30 a 44,Varón,123656,20307.81,0.16,0.05,0.01,0.16,Centro,Moderada
2013,,45 a 59,Mujer,273723,33316.07,0.12,0.14,0.02,0.11,Centro,Moderada
2013,,45 a 59,Varón,233006,30031.51,0.13,0.12,0.02,0.12,Centro,Moderada
2013,,60 a 74,Mujer,300971,32427.59,0.11,0.18,0.02,0.1,Centro,Baja
2013,,60 a 74,Varón,284028,33153.27,0.12,0.23,0.02,0.1,Centro,Baja
2013,,75+,Mujer,128139,20838.81,0.16,0.17,0.03,0.15,Centro,Moderada
2013,,75+,Varón,66088,12109.43,0.18,0.14,0.03,0.18,Centro,Moderada
2013,,20 a 29,Mujer,11326,2696.05,0.24,0.05,0.01,0.23,Cuyo,Alta
2013,,20 a 29,Varón,5532,1837.94,0.33,0.02,0.01,0.33,Cuyo,Muy alta
2013,,30 a 44,Mujer,20997,3869.83,0.18,0.08,0.01,0.18,Cuyo,Moderada
2013,,30 a 44,Varón,8911,2761.97,0.31,0.04,0.01,0.3,Cuyo,Alta
2013,,45 a 59,Mujer,21850,3854.76,0.18,0.11,0.02,0.17,Cuyo,Moderada
2013,,45 a 59,Varón,30053,5113.34,0.17,0.16,0.02,0.16,Cuyo,Moderada
2013,,60 a 74,Mujer,30485,4015.82,0.13,0.19,0.02,0.12,Cuyo,Moderada
2013,,60 a 74,Varón,23742,3986.98,0.17,0.2,0.03,0.15,Cuyo,Moderada
2013,,75+,Mujer,12943,3204.2,0.25,0.2,0.04,0.21,Cuyo,Alta
2013,,75+,Varón,11264,3048.07,0.27,0.3,0.07,0.22,Cuyo,Alta
2013,,20 a 29,Mujer,11175,3153.06,0.28,0.04,0.01,0.28,NEA,Alta
2013,,20 a 29,Varón,6601,2198.86,0.33,0.03,0.01,0.33,NEA,Muy alta
2013,,30 a 44,Mujer,27590,5767.67,0.21,0.09,0.02,0.2,NEA,Moderada
2013,,30 a 44,Varón,11936,2879.11,0.24,0.05,0.01,0.24,NEA,Alta
2013,,45 a 59,Mujer,21099,3548.39,0.17,0.1,0.02,0.16,NEA,Moderada
2013,,45 a 59,Varón,18383,4395.92,0.24,0.09,0.02,0.23,NEA,Alta
2013,,60 a 74,Mujer,25037,4218.31,0.17,0.19,0.03,0.15,NEA,Moderada
2013,,60 a 74,Varón,18461,3261.89,0.18,0.18,0.03,0.17,NEA,Moderada
2013,,75+,Mujer,10356,2188.37,0.21,0.21,0.04,0.19,NEA,Moderada
2013,,75+,Varón,8315,2097.84,0.25,0.24,0.06,0.24,NEA,Alta
2013,,20 a 29,Mujer,12350,3310.57,0.27,0.05,0.01,0.26,NOA1,Alta
2013,,20 a 29,Varón,4239,1697.36,0.4,0.02,0.01,0.4,NOA1,Muy alta
2013,,30 a 44,Mujer,28136,4101.05,0.15,0.09,0.01,0.14,NOA1,Moderada
2013,,30 a 44,Varón,16243,3119.94,0.19,0.06,0.01,0.19,NOA1,Moderada
2013,,45 a 59,Mujer,34660,5536.59,0.16,0.16,0.02,0.14,NOA1,Moderada
2013,,45 a 59,Varón,25443,4597.82,0.18,0.13,0.02,0.17,NOA1,Moderada
2013,,60 a 74,Mujer,25808,3933.2,0.15,0.2,0.03,0.14,NOA1,Moderada
2013,,60 a 74,Varón,17969,3324.49,0.19,0.17,0.03,0.17,NOA1,Moderada
2013,,75+,Mujer,10728,2636.61,0.25,0.2,0.04,0.22,NOA1,Alta
2013,,75+,Varón,4842,1814.49,0.37,0.15,0.05,0.34,NOA1,Muy alta
2013,,20 a 29,Mujer,3640,1343.39,0.37,0.05,0.02,0.36,NOA2,Muy alta
2013,,20 a 29,Varón,606,367.71,0.61,0.01,0.01,0.61,NOA2,Muy alta
2013,,30 a 44,Mujer,12630,2176.16,0.17,0.15,0.02,0.16,NOA2,Moderada
2013,,30 a 44,Varón,10099,2404.4,0.24,0.11,0.03,0.22,NOA2,Alta
2013,,45 a 59,Mujer,10756,2081.76,0.19,0.18,0.03,0.18,NOA2,Moderada
2013,,45 a 59,Varón,10986,2197.23,0.2,0.18,0.03,0.18,NOA2,Moderada
2013,,60 a 74,Mujer,9549,1784.12,0.19,0.21,0.04,0.17,NOA2,Moderada
2013,,60 a 74,Varón,5947,1728.45,0.29,0.2,0.05,0.26,NOA2,Alta
2013,,75+,Mujer,3925,1506.37,0.38,0.27,0.08,0.31,NOA2,Muy alta
2013,,75+,Varón,1942,874.74,0.45,0.21,0.08,0.4,NOA2,Muy alta
2013,,20 a 29,Mujer,7623,1818.51,0.24,0.08,0.02,0.23,Patagonia Norte,Alta
2013,,20 a 29,Varón,2176,911.26,0.42,0.02,0.01,0.42,Patagonia Norte,Muy alta
2013,,30 a 44,Mujer,14311,2235.98,0.16,0.09,0.01,0.15,Patagonia Norte,Moderada
2013,,30 a 44,Varón,6478,1635.71,0.25,0.05,0.01,0.25,Patagonia Norte,Alta
2013,,45 a 59,Mujer,15416,2718.95,0.18,0.15,0.02,0.16,Patagonia Norte,Moderada
2013,,45 a 59,Varón,9703,1949.94,0.2,0.1,0.02,0.19,Patagonia Norte,Moderada
2013,,60 a 74,Mujer,10488,1686.14,0.16,0.17,0.03,0.15,Patagonia Norte,Moderada
2013,,60 a 74,Varón,13030,2366.58,0.18,0.24,0.04,0.15,Patagonia Norte,Moderada
2013,,75+,Mujer,5054,1196.56,0.24,0.19,0.04,0.21,Patagonia Norte,Alta
2013,,75+,Varón,4049,990.05,0.24,0.22,0.05,0.22,Patagonia Norte,Alta
2013,,20 a 29,Mujer,4805,1359.13,0.28,0.06,0.02,0.27,Patagonia Sur,Alta
2013,,20 a 29,Varón,1983,1043.24,0.53,0.03,0.01,0.52,Patagonia Sur,Muy alta
2013,,30 a 44,Mujer,8210,1489.47,0.18,0.09,0.01,0.17,Patagonia Sur,Moderada
2013,,30 a 44,Varón,7296,1423.14,0.2,0.07,0.01,0.19,Patagonia Sur,Moderada
2013,,45 a 59,Mujer,10130,1563.35,0.15,0.14,0.02,0.14,Patagonia Sur,Moderada
2013,,45 a 59,Varón,9268,1723.44,0.19,0.14,0.02,0.17,Patagonia Sur,Moderada
2013,,60 a 74,Mujer,8081,1456.67,0.18,0.24,0.04,0.15,Patagonia Sur,Moderada
2013,,60 a 74,Varón,5916,1167.24,0.2,0.18,0.03,0.18,Patagonia Sur,Moderada
2013,,75+,Mujer,2948,686.12,0.23,0.21,0.05,0.22,Patagonia Sur,Alta
2013,,75+,Varón,1096,434.34,0.4,0.13,0.05,0.38,Patagonia Sur,Muy alta
2018,,20 a 29,Mujer,183992,29094.53,0.16,0.09,0.01,0.15,Centro,Moderada
2018,,20 a 29,Varón,54611,16494.15,0.3,0.03,0.01,0.3,Centro,Alta
2018,,30 a 44,Mujer,333078,35631.36,0.11,0.11,0.01,0.1,Centro,Baja
2018,,30 a 44,Varón,125399,19770.42,0.16,0.05,0.01,0.15,Centro,Moderada
2018,,45 a 59,Mujer,328116,35034.33,0.11,0.14,0.01,0.1,Centro,Baja
2018,,45 a 59,Varón,422593,43001.53,0.1,0.2,0.02,0.1,Centro,Baja
2018,,60 a 74,Mujer,352741,30621.48,0.09,0.21,0.02,0.08,Centro,Baja
2018,,60 a 74,Varón,361550,32554.1,0.09,0.23,0.02,0.08,Centro,Baja
2018,,75+,Mujer,124058,13390.59,0.11,0.17,0.02,0.11,Centro,Moderada
2018,,75+,Varón,106084,16866.64,0.16,0.2,0.03,0.15,Centro,Moderada
2018,,20 a 29,Mujer,17091,4861.96,0.28,0.07,0.02,0.28,Cuyo,Alta
2018,,20 a 29,Varón,7746,2639.58,0.34,0.04,0.01,0.35,Cuyo,Muy alta
2018,,30 a 44,Mujer,53970,10000.51,0.19,0.16,0.03,0.18,Cuyo,Moderada
2018,,30 a 44,Varón,22872,4665.75,0.2,0.08,0.02,0.2,Cuyo,Moderada
2018,,45 a 59,Mujer,42052,6487,0.15,0.18,0.03,0.14,Cuyo,Moderada
2018,,45 a 59,Varón,27247,5302.92,0.19,0.13,0.02,0.19,Cuyo,Moderada
2018,,60 a 74,Mujer,33564,3917.52,0.12,0.22,0.02,0.12,Cuyo,Moderada
2018,,60 a 74,Varón,55509,8057.59,0.15,0.35,0.04,0.12,Cuyo,Moderada
2018,,75+,Mujer,11899,2455.44,0.21,0.17,0.03,0.19,Cuyo,Moderada
2018,,75+,Varón,13565,3621.56,0.27,0.26,0.07,0.27,Cuyo,Alta
2018,,20 a 29,Mujer,22055,4299.37,0.19,0.08,0.02,0.19,NEA,Moderada
2018,,20 a 29,Varón,11223,3575.56,0.32,0.04,0.01,0.32,NEA,Muy alta
2018,,30 a 44,Mujer,37061,5381.8,0.15,0.11,0.02,0.14,NEA,Moderada
2018,,30 a 44,Varón,18815,3775.98,0.2,0.07,0.01,0.19,NEA,Moderada
2018,,45 a 59,Mujer,47936,5958.03,0.12,0.2,0.02,0.11,NEA,Moderada
2018,,45 a 59,Varón,28654,4567.11,0.16,0.14,0.02,0.15,NEA,Moderada
2018,,60 a 74,Mujer,34819,4750.69,0.14,0.23,0.03,0.12,NEA,Moderada
2018,,60 a 74,Varón,32775,4755.31,0.15,0.21,0.03,0.14,NEA,Moderada
2018,,75+,Mujer,17501,3665.32,0.21,0.28,0.05,0.18,NEA,Moderada
2018,,75+,Varón,6022,1312.19,0.22,0.18,0.04,0.24,NEA,Alta
2018,,20 a 29,Mujer,19665,4660.1,0.24,0.07,0.02,0.23,NOA1,Alta
2018,,20 a 29,Varón,7976,2806.95,0.35,0.03,0.01,0.36,NOA1,Muy alta
2018,,30 a 44,Mujer,44514,5720.3,0.13,0.13,0.02,0.12,NOA1,Moderada
2018,,30 a 44,Varón,19493,4454.68,0.23,0.07,0.01,0.22,NOA1,Alta
2018,,45 a 59,Mujer,38258,5615.65,0.15,0.17,0.02,0.15,NOA1,Moderada
2018,,45 a 59,Varón,38270,5474.46,0.14,0.17,0.02,0.13,NOA1,Moderada
2018,,60 a 74,Mujer,33352,4649.97,0.14,0.2,0.03,0.13,NOA1,Moderada
2018,,60 a 74,Varón,24201,4968.86,0.21,0.16,0.03,0.19,NOA1,Moderada
2018,,75+,Mujer,9740,2789.2,0.29,0.19,0.05,0.24,NOA1,Alta
2018,,75+,Varón,7373,2693.86,0.37,0.18,0.06,0.37,NOA1,Muy alta
2018,,20 a 29,Mujer,12104,3269.26,0.27,0.14,0.04,0.26,NOA2,Alta
2018,,20 a 29,Varón,1081,709.97,0.66,0.01,0.01,0.69,NOA2,Muy alta
2018,,30 a 44,Mujer,13103,3271.06,0.25,0.13,0.03,0.25,NOA2,Alta
2018,,30 a 44,Varón,7728,2165.56,0.28,0.08,0.02,0.3,NOA2,Alta
2018,,45 a 59,Mujer,13213,2981.16,0.23,0.19,0.04,0.21,NOA2,Alta
2018,,45 a 59,Varón,14350,3135.38,0.22,0.22,0.05,0.23,NOA2,Alta
2018,,60 a 74,Mujer,10165,2640.95,0.26,0.2,0.05,0.24,NOA2,Alta
2018,,60 a 74,Varón,8557,2294.59,0.27,0.23,0.06,0.27,NOA2,Alta
2018,,75+,Mujer,1403,664.33,0.47,0.08,0.03,0.43,NOA2,Muy alta
2018,,75+,Varón,2291,1317.98,0.58,0.17,0.09,0.53,NOA2,Muy alta
2018,,20 a 29,Mujer,13582,2561.39,0.19,0.12,0.02,0.19,Patagonia Norte,Moderada
2018,,20 a 29,Varón,3283,1324.6,0.4,0.03,0.01,0.4,Patagonia Norte,Muy alta
2018,,30 a 44,Mujer,23501,3042.92,0.13,0.15,0.02,0.13,Patagonia Norte,Moderada
2018,,30 a 44,Varón,7344,1672.95,0.23,0.05,0.01,0.22,Patagonia Norte,Alta
2018,,45 a 59,Mujer,17522,3301.35,0.19,0.15,0.03,0.17,Patagonia Norte,Moderada
2018,,45 a 59,Varón,15463,2264.21,0.15,0.15,0.02,0.14,Patagonia Norte,Moderada
2018,,60 a 74,Mujer,20810,2935.86,0.14,0.28,0.03,0.11,Patagonia Norte,Moderada
2018,,60 a 74,Varón,20028,2749.13,0.14,0.24,0.03,0.14,Patagonia Norte,Moderada
2018,,75+,Mujer,6155,1492.81,0.24,0.2,0.04,0.21,Patagonia Norte,Alta
2018,,75+,Varón,3348,997.83,0.3,0.21,0.06,0.29,Patagonia Norte,Alta
2018,,20 a 29,Mujer,8301,1959.17,0.24,0.09,0.02,0.23,Patagonia Sur,Alta
2018,,20 a 29,Varón,4929,1642.49,0.33,0.06,0.02,0.34,Patagonia Sur,Muy alta
2018,,30 a 44,Mujer,15403,2452.53,0.16,0.13,0.02,0.16,Patagonia Sur,Moderada
2018,,30 a 44,Varón,9626,1846.74,0.19,0.08,0.02,0.19,Patagonia Sur,Moderada
2018,,45 a 59,Mujer,14752,2953.77,0.2,0.19,0.04,0.2,Patagonia Sur,Moderada
2018,,45 a 59,Varón,11070,2326.95,0.21,0.14,0.03,0.2,Patagonia Sur,Moderada
2018,,60 a 74,Mujer,10194,2038.01,0.2,0.25,0.04,0.17,Patagonia Sur,Moderada
2018,,60 a 74,Varón,13649,2522.86,0.18,0.29,0.05,0.17,Patagonia Sur,Moderada
2018,,75+,Mujer,2198,784.09,0.36,0.19,0.06,0.31,Patagonia Sur,Muy alta
2018,,75+,Varón,3589,1410.09,0.39,0.24,0.09,0.37,Patagonia Sur,Muy alta
