anio,prov_id,prov_nombre,grupo_edad_amp,sexo,proy_pob,pob_est
2005,02,CABA,20 a 29,Mujer,243701,239187
2005,02,CABA,20 a 29,Varón,228321,228216
2005,02,CABA,30 a 44,Mujer,322398,331081
2005,02,CABA,30 a 44,Varón,304308,308351
2005,02,CABA,45 a 59,Mujer,284541,272128
2005,02,CABA,45 a 59,Varón,239209,225618
2005,02,CABA,60 a 74,Mujer,245321,224584
2005,02,CABA,60 a 74,Varón,166760,159443
2005,02,CABA,75+,Mujer,171783,158352
2005,02,CABA,75+,Varón,77542,75816
2005,06,Buenos Aires,20 a 29,Mujer,1212729,1241994
2005,06,Buenos Aires,20 a 29,Varón,1241307,1248067
2005,06,Buenos Aires,30 a 44,Mujer,1453405,1625905
2005,06,Buenos Aires,30 a 44,Varón,1446752,1586547
2005,06,Buenos Aires,45 a 59,Mujer,1201579,1261768
2005,06,Buenos Aires,45 a 59,Varón,1091653,1177109
2005,06,Buenos Aires,60 a 74,Mujer,820937,872592
2005,06,Buenos Aires,60 a 74,Varón,669947,726082
2005,06,Buenos Aires,75+,Mujer,415232,472966
2005,06,Buenos Aires,75+,Varón,233861,263959
2005,10,Catamarca,20 a 29,Mujer,30248,29528
2005,10,Catamarca,20 a 29,Varón,31390,30082
2005,10,Catamarca,30 a 44,Mujer,32666,37493
2005,10,Catamarca,30 a 44,Varón,33945,37460
2005,10,Catamarca,45 a 59,Mujer,23921,26053
2005,10,Catamarca,45 a 59,Varón,24404,26170
2005,10,Catamarca,60 a 74,Mujer,14045,15705
2005,10,Catamarca,60 a 74,Varón,12133,14316
2005,10,Catamarca,75+,Mujer,6272,7750
2005,10,Catamarca,75+,Varón,4053,4780
2005,14,Córdoba,20 a 29,Mujer,282514,272518
2005,14,Córdoba,20 a 29,Varón,287524,272371
2005,14,Córdoba,30 a 44,Mujer,307056,340794
2005,14,Córdoba,30 a 44,Varón,307920,332771
2005,14,Córdoba,45 a 59,Mujer,262727,269454
2005,14,Córdoba,45 a 59,Varón,242027,250528
2005,14,Córdoba,60 a 74,Mujer,189151,196286
2005,14,Córdoba,60 a 74,Varón,154116,162090
2005,14,Córdoba,75+,Mujer,95385,105057
2005,14,Córdoba,75+,Varón,52710,58768
2005,18,Corrientes,20 a 29,Mujer,83385,83699
2005,18,Corrientes,20 a 29,Varón,84214,80733
2005,18,Corrientes,30 a 44,Mujer,87070,96921
2005,18,Corrientes,30 a 44,Varón,85136,90917
2005,18,Corrientes,45 a 59,Mujer,65869,74269
2005,18,Corrientes,45 a 59,Varón,65430,71956
2005,18,Corrientes,60 a 74,Mujer,39138,43634
2005,18,Corrientes,60 a 74,Varón,33183,39323
2005,18,Corrientes,75+,Mujer,16385,19865
2005,18,Corrientes,75+,Varón,10549,12500
2005,22,Chaco,20 a 29,Mujer,86664,89802
2005,22,Chaco,20 a 29,Varón,88246,86810
2005,22,Chaco,30 a 44,Mujer,89793,102157
2005,22,Chaco,30 a 44,Varón,88728,97202
2005,22,Chaco,45 a 59,Mujer,65910,74621
2005,22,Chaco,45 a 59,Varón,67381,73148
2005,22,Chaco,60 a 74,Mujer,37809,41266
2005,22,Chaco,60 a 74,Varón,32919,37200
2005,22,Chaco,75+,Mujer,13322,17801
2005,22,Chaco,75+,Varón,9248,11451
2005,26,Chubut,20 a 29,Mujer,36737,42389
2005,26,Chubut,20 a 29,Varón,38307,43610
2005,26,Chubut,30 a 44,Mujer,44766,55302
2005,26,Chubut,30 a 44,Varón,45591,55612
2005,26,Chubut,45 a 59,Mujer,32810,38192
2005,26,Chubut,45 a 59,Varón,32989,37991
2005,26,Chubut,60 a 74,Mujer,17839,21193
2005,26,Chubut,60 a 74,Varón,16518,19214
2005,26,Chubut,75+,Mujer,6760,9102
2005,26,Chubut,75+,Varón,4492,5870
2005,30,Entre Ríos,20 a 29,Mujer,96802,96909
2005,30,Entre Ríos,20 a 29,Varón,99477,96982
2005,30,Entre Ríos,30 a 44,Mujer,112325,123742
2005,30,Entre Ríos,30 a 44,Varón,113981,121371
2005,30,Entre Ríos,45 a 59,Mujer,93191,98310
2005,30,Entre Ríos,45 a 59,Varón,89355,93297
2005,30,Entre Ríos,60 a 74,Mujer,63930,67708
2005,30,Entre Ríos,60 a 74,Varón,52832,57294
2005,30,Entre Ríos,75+,Mujer,32087,35786
2005,30,Entre Ríos,75+,Varón,16992,18766
2005,34,Formosa,20 a 29,Mujer,41417,42487
2005,34,Formosa,20 a 29,Varón,42180,40743
2005,34,Formosa,30 a 44,Mujer,45327,51411
2005,34,Formosa,30 a 44,Varón,44616,48504
2005,34,Formosa,45 a 59,Mujer,32154,37828
2005,34,Formosa,45 a 59,Varón,33142,37846
2005,34,Formosa,60 a 74,Mujer,16657,20501
2005,34,Formosa,60 a 74,Varón,16487,19938
2005,34,Formosa,75+,Mujer,5703,8227
2005,34,Formosa,75+,Varón,4837,6526
2005,38,Jujuy,20 a 29,Mujer,57601,55798
2005,38,Jujuy,20 a 29,Varón,57862,54632
2005,38,Jujuy,30 a 44,Mujer,59910,69496
2005,38,Jujuy,30 a 44,Varón,58115,66386
2005,38,Jujuy,45 a 59,Mujer,43069,47747
2005,38,Jujuy,45 a 59,Varón,39747,43587
2005,38,Jujuy,60 a 74,Mujer,24088,27887
2005,38,Jujuy,60 a 74,Varón,21690,24712
2005,38,Jujuy,75+,Mujer,8637,10921
2005,38,Jujuy,75+,Varón,6386,7800
2005,42,La Pampa,20 a 29,Mujer,24322,24110
2005,42,La Pampa,20 a 29,Varón,25718,24726
2005,42,La Pampa,30 a 44,Mujer,30975,32651
2005,42,La Pampa,30 a 44,Varón,31747,32409
2005,42,La Pampa,45 a 59,Mujer,24981,26124
2005,42,La Pampa,45 a 59,Varón,25498,26220
2005,42,La Pampa,60 a 74,Mujer,17066,18345
2005,42,La Pampa,60 a 74,Varón,15915,16911
2005,42,La Pampa,75+,Mujer,8320,9624
2005,42,La Pampa,75+,Varón,5041,6000
2005,46,La Rioja,20 a 29,Mujer,28575,29323
2005,46,La Rioja,20 a 29,Varón,29413,29077
2005,46,La Rioja,30 a 44,Mujer,30226,34781
2005,46,La Rioja,30 a 44,Varón,31193,34277
2005,46,La Rioja,45 a 59,Mujer,20881,23633
2005,46,La Rioja,45 a 59,Varón,21435,23850
2005,46,La Rioja,60 a 74,Mujer,11528,13326
2005,46,La Rioja,60 a 74,Varón,10412,12382
2005,46,La Rioja,75+,Mujer,4500,6046
2005,46,La Rioja,75+,Varón,3342,3949
2005,50,Mendoza,20 a 29,Mujer,140127,143248
2005,50,Mendoza,20 a 29,Varón,143112,145120
2005,50,Mendoza,30 a 44,Mujer,156611,176051
2005,50,Mendoza,30 a 44,Varón,150250,169272
2005,50,Mendoza,45 a 59,Mujer,133148,137234
2005,50,Mendoza,45 a 59,Varón,120300,125274
2005,50,Mendoza,60 a 74,Mujer,86738,96774
2005,50,Mendoza,60 a 74,Varón,73131,81427
2005,50,Mendoza,75+,Mujer,41009,47392
2005,50,Mendoza,75+,Varón,26268,29566
2005,54,Misiones,20 a 29,Mujer,83339,89578
2005,54,Misiones,20 a 29,Varón,84032,87159
2005,54,Misiones,30 a 44,Mujer,90264,103012
2005,54,Misiones,30 a 44,Varón,90540,99892
2005,54,Misiones,45 a 59,Mujer,61681,73108
2005,54,Misiones,45 a 59,Varón,64463,74142
2005,54,Misiones,60 a 74,Mujer,32983,38169
2005,54,Misiones,60 a 74,Varón,31919,36956
2005,54,Misiones,75+,Mujer,11757,15243
2005,54,Misiones,75+,Varón,9246,11454
2005,58,Neuquén,20 a 29,Mujer,44018,47321
2005,58,Neuquén,20 a 29,Varón,44988,47728
2005,58,Neuquén,30 a 44,Mujer,55388,63227
2005,58,Neuquén,30 a 44,Varón,54377,61375
2005,58,Neuquén,45 a 59,Mujer,37437,43338
2005,58,Neuquén,45 a 59,Varón,36861,41853
2005,58,Neuquén,60 a 74,Mujer,17667,21842
2005,58,Neuquén,60 a 74,Varón,16446,20413
2005,58,Neuquén,75+,Mujer,6792,8464
2005,58,Neuquén,75+,Varón,4337,5558
2005,62,Río Negro,20 a 29,Mujer,46500,50867
2005,62,Río Negro,20 a 29,Varón,47546,51658
2005,62,Río Negro,30 a 44,Mujer,58278,68223
2005,62,Río Negro,30 a 44,Varón,57113,66402
2005,62,Río Negro,45 a 59,Mujer,44674,50451
2005,62,Río Negro,45 a 59,Varón,44042,49023
2005,62,Río Negro,60 a 74,Mujer,25323,29740
2005,62,Río Negro,60 a 74,Varón,24047,27880
2005,62,Río Negro,75+,Mujer,9777,13034
2005,62,Río Negro,75+,Varón,7409,8863
2005,66,Salta,20 a 29,Mujer,99879,101105
2005,66,Salta,20 a 29,Varón,98996,98520
2005,66,Salta,30 a 44,Mujer,104775,120075
2005,66,Salta,30 a 44,Varón,102882,113875
2005,66,Salta,45 a 59,Mujer,73118,81343
2005,66,Salta,45 a 59,Varón,70293,77329
2005,66,Salta,60 a 74,Mujer,39911,47323
2005,66,Salta,60 a 74,Varón,37079,42765
2005,66,Salta,75+,Mujer,15153,19950
2005,66,Salta,75+,Varón,11343,14175
2005,70,San Juan,20 a 29,Mujer,55281,53972
2005,70,San Juan,20 a 29,Varón,56627,55025
2005,70,San Juan,30 a 44,Mujer,62339,68252
2005,70,San Juan,30 a 44,Varón,60864,66721
2005,70,San Juan,45 a 59,Mujer,50744,51805
2005,70,San Juan,45 a 59,Varón,45676,46954
2005,70,San Juan,60 a 74,Mujer,30899,34651
2005,70,San Juan,60 a 74,Varón,25803,28972
2005,70,San Juan,75+,Mujer,12667,14551
2005,70,San Juan,75+,Varón,8536,9312
2005,74,San Luis,20 a 29,Mujer,33159,34465
2005,74,San Luis,20 a 29,Varón,34140,34071
2005,74,San Luis,30 a 44,Mujer,38387,44896
2005,74,San Luis,30 a 44,Varón,39989,44785
2005,74,San Luis,45 a 59,Mujer,29243,32986
2005,74,San Luis,45 a 59,Varón,29259,32495
2005,74,San Luis,60 a 74,Mujer,17864,21136
2005,74,San Luis,60 a 74,Varón,16274,19018
2005,74,San Luis,75+,Mujer,7330,9512
2005,74,San Luis,75+,Varón,4808,5954
2005,78,Santa Cruz,20 a 29,Mujer,16123,23140
2005,78,Santa Cruz,20 a 29,Varón,17407,25478
2005,78,Santa Cruz,30 a 44,Mujer,23298,29700
2005,78,Santa Cruz,30 a 44,Varón,24069,32245
2005,78,Santa Cruz,45 a 59,Mujer,14644,18239
2005,78,Santa Cruz,45 a 59,Varón,16029,20076
2005,78,Santa Cruz,60 a 74,Mujer,7066,8649
2005,78,Santa Cruz,60 a 74,Varón,7118,8328
2005,78,Santa Cruz,75+,Mujer,2169,2958
2005,78,Santa Cruz,75+,Varón,1665,2175
2005,82,Santa Fe,20 a 29,Mujer,268816,266632
2005,82,Santa Fe,20 a 29,Varón,275976,267420
2005,82,Santa Fe,30 a 44,Mujer,294858,328288
2005,82,Santa Fe,30 a 44,Varón,295432,320960
2005,82,Santa Fe,45 a 59,Mujer,254861,263134
2005,82,Santa Fe,45 a 59,Varón,238579,247082
2005,82,Santa Fe,60 a 74,Mujer,188479,191317
2005,82,Santa Fe,60 a 74,Varón,152095,156904
2005,82,Santa Fe,75+,Mujer,103547,113798
2005,82,Santa Fe,75+,Varón,54323,60595
2005,86,Santiago del Estero,20 a 29,Mujer,71285,69691
2005,86,Santiago del Estero,20 a 29,Varón,75017,68355
2005,86,Santiago del Estero,30 a 44,Mujer,71303,82204
2005,86,Santiago del Estero,30 a 44,Varón,73732,80990
2005,86,Santiago del Estero,45 a 59,Mujer,52462,56649
2005,86,Santiago del Estero,45 a 59,Varón,54587,57576
2005,86,Santiago del Estero,60 a 74,Mujer,31935,35228
2005,86,Santiago del Estero,60 a 74,Varón,29332,33050
2005,86,Santiago del Estero,75+,Mujer,12943,16784
2005,86,Santiago del Estero,75+,Varón,9300,11006
2005,90,Tucumán,20 a 29,Mujer,130140,123888
2005,90,Tucumán,20 a 29,Varón,131284,122597
2005,90,Tucumán,30 a 44,Mujer,126819,145982
2005,90,Tucumán,30 a 44,Varón,125483,141087
2005,90,Tucumán,45 a 59,Mujer,104448,109746
2005,90,Tucumán,45 a 59,Varón,99501,102968
2005,90,Tucumán,60 a 74,Mujer,58741,65671
2005,90,Tucumán,60 a 74,Varón,49669,57233
2005,90,Tucumán,75+,Mujer,25378,30850
2005,90,Tucumán,75+,Varón,16148,19017
2005,94,Tierra del Fuego,20 a 29,Mujer,8350,10947
2005,94,Tierra del Fuego,20 a 29,Varón,8825,11579
2005,94,Tierra del Fuego,30 a 44,Mujer,13780,14906
2005,94,Tierra del Fuego,30 a 44,Varón,14180,15367
2005,94,Tierra del Fuego,45 a 59,Mujer,7921,10253
2005,94,Tierra del Fuego,45 a 59,Varón,9145,11125
2005,94,Tierra del Fuego,60 a 74,Mujer,2587,3390
2005,94,Tierra del Fuego,60 a 74,Varón,2489,3397
2005,94,Tierra del Fuego,75+,Mujer,687,1012
2005,94,Tierra del Fuego,75+,Varón,489,626
2009,02,CABA,20 a 29,Mujer,239586,239187
2009,02,CABA,20 a 29,Varón,228549,228216
2009,02,CABA,30 a 44,Mujer,327404,331081
2009,02,CABA,30 a 44,Varón,305077,308351
2009,02,CABA,45 a 59,Mujer,273475,272128
2009,02,CABA,45 a 59,Varón,226449,225618
2009,02,CABA,60 a 74,Mujer,225487,224584
2009,02,CABA,60 a 74,Varón,159878,159443
2009,02,CABA,75+,Mujer,154829,158352
2009,02,CABA,75+,Varón,74390,75816
2009,06,Buenos Aires,20 a 29,Mujer,1233149,1241994
2009,06,Buenos Aires,20 a 29,Varón,1242516,1248067
2009,06,Buenos Aires,30 a 44,Mujer,1576869,1625905
2009,06,Buenos Aires,30 a 44,Varón,1542799,1586547
2009,06,Buenos Aires,45 a 59,Mujer,1240290,1261768
2009,06,Buenos Aires,45 a 59,Varón,1155877,1177109
2009,06,Buenos Aires,60 a 74,Mujer,858818,872592
2009,06,Buenos Aires,60 a 74,Varón,711976,726082
2009,06,Buenos Aires,75+,Mujer,443020,472966
2009,06,Buenos Aires,75+,Varón,250273,263959
2009,10,Catamarca,20 a 29,Mujer,29244,29528
2009,10,Catamarca,20 a 29,Varón,29894,30082
2009,10,Catamarca,30 a 44,Mujer,35649,37493
2009,10,Catamarca,30 a 44,Varón,35905,37460
2009,10,Catamarca,45 a 59,Mujer,24978,26053
2009,10,Catamarca,45 a 59,Varón,25098,26170
2009,10,Catamarca,60 a 74,Mujer,15151,15705
2009,10,Catamarca,60 a 74,Varón,13568,14316
2009,10,Catamarca,75+,Mujer,7140,7750
2009,10,Catamarca,75+,Varón,4529,4780
2009,14,Córdoba,20 a 29,Mujer,270799,272518
2009,14,Córdoba,20 a 29,Varón,271391,272371
2009,14,Córdoba,30 a 44,Mujer,331589,340794
2009,14,Córdoba,30 a 44,Varón,324608,332771
2009,14,Córdoba,45 a 59,Mujer,266313,269454
2009,14,Córdoba,45 a 59,Varón,247552,250528
2009,14,Córdoba,60 a 74,Mujer,193635,196286
2009,14,Córdoba,60 a 74,Varón,159518,162090
2009,14,Córdoba,75+,Mujer,99064,105057
2009,14,Córdoba,75+,Varón,55683,58768
2009,18,Corrientes,20 a 29,Mujer,82579,83699
2009,18,Corrientes,20 a 29,Varón,79930,80733
2009,18,Corrientes,30 a 44,Mujer,94517,96921
2009,18,Corrientes,30 a 44,Varón,89255,90917
2009,18,Corrientes,45 a 59,Mujer,70893,74269
2009,18,Corrientes,45 a 59,Varón,69204,71956
2009,18,Corrientes,60 a 74,Mujer,42284,43634
2009,18,Corrientes,60 a 74,Varón,37445,39323
2009,18,Corrientes,75+,Mujer,18491,19865
2009,18,Corrientes,75+,Varón,11801,12500
2009,22,Chaco,20 a 29,Mujer,87830,89802
2009,22,Chaco,20 a 29,Varón,85607,86810
2009,22,Chaco,30 a 44,Mujer,99061,102157
2009,22,Chaco,30 a 44,Varón,95124,97202
2009,22,Chaco,45 a 59,Mujer,70882,74621
2009,22,Chaco,45 a 59,Varón,70460,73148
2009,22,Chaco,60 a 74,Mujer,40277,41266
2009,22,Chaco,60 a 74,Varón,36162,37200
2009,22,Chaco,75+,Mujer,16236,17801
2009,22,Chaco,75+,Varón,10782,11451
2009,26,Chubut,20 a 29,Mujer,40877,42389
2009,26,Chubut,20 a 29,Varón,42054,43610
2009,26,Chubut,30 a 44,Mujer,52090,55302
2009,26,Chubut,30 a 44,Varón,52651,55612
2009,26,Chubut,45 a 59,Mujer,36072,38192
2009,26,Chubut,45 a 59,Varón,36205,37991
2009,26,Chubut,60 a 74,Mujer,19997,21193
2009,26,Chubut,60 a 74,Varón,18349,19214
2009,26,Chubut,75+,Mujer,8152,9102
2009,26,Chubut,75+,Varón,5321,5870
2009,30,Entre Ríos,20 a 29,Mujer,96028,96909
2009,30,Entre Ríos,20 a 29,Varón,96516,96982
2009,30,Entre Ríos,30 a 44,Mujer,120661,123742
2009,30,Entre Ríos,30 a 44,Varón,118818,121371
2009,30,Entre Ríos,45 a 59,Mujer,96106,98310
2009,30,Entre Ríos,45 a 59,Varón,91877,93297
2009,30,Entre Ríos,60 a 74,Mujer,66535,67708
2009,30,Entre Ríos,60 a 74,Varón,55873,57294
2009,30,Entre Ríos,75+,Mujer,33967,35786
2009,30,Entre Ríos,75+,Varón,18060,18766
2009,34,Formosa,20 a 29,Mujer,41688,42487
2009,34,Formosa,20 a 29,Varón,40264,40743
2009,34,Formosa,30 a 44,Mujer,49799,51411
2009,34,Formosa,30 a 44,Varón,47467,48504
2009,34,Formosa,45 a 59,Mujer,35322,37828
2009,34,Formosa,45 a 59,Varón,35842,37846
2009,34,Formosa,60 a 74,Mujer,19221,20501
2009,34,Formosa,60 a 74,Varón,18836,19938
2009,34,Formosa,75+,Mujer,7267,8227
2009,34,Formosa,75+,Varón,5940,6526
2009,38,Jujuy,20 a 29,Mujer,55390,55798
2009,38,Jujuy,20 a 29,Varón,54310,54632
2009,38,Jujuy,30 a 44,Mujer,66283,69496
2009,38,Jujuy,30 a 44,Varón,63264,66386
2009,38,Jujuy,45 a 59,Mujer,45850,47747
2009,38,Jujuy,45 a 59,Varón,42212,43587
2009,38,Jujuy,60 a 74,Mujer,26468,27887
2009,38,Jujuy,60 a 74,Varón,23729,24712
2009,38,Jujuy,75+,Mujer,9800,10921
2009,38,Jujuy,75+,Varón,7077,7800
2009,42,La Pampa,20 a 29,Mujer,23924,24110
2009,42,La Pampa,20 a 29,Varón,24634,24726
2009,42,La Pampa,30 a 44,Mujer,31991,32651
2009,42,La Pampa,30 a 44,Varón,31912,32409
2009,42,La Pampa,45 a 59,Mujer,25635,26124
2009,42,La Pampa,45 a 59,Varón,25890,26220
2009,42,La Pampa,60 a 74,Mujer,17815,18345
2009,42,La Pampa,60 a 74,Varón,16479,16911
2009,42,La Pampa,75+,Mujer,9032,9624
2009,42,La Pampa,75+,Varón,5685,6000
2009,46,La Rioja,20 a 29,Mujer,28722,29323
2009,46,La Rioja,20 a 29,Varón,28644,29077
2009,46,La Rioja,30 a 44,Mujer,32903,34781
2009,46,La Rioja,30 a 44,Varón,32809,34277
2009,46,La Rioja,45 a 59,Mujer,22315,23633
2009,46,La Rioja,45 a 59,Varón,22677,23850
2009,46,La Rioja,60 a 74,Mujer,12711,13326
2009,46,La Rioja,60 a 74,Varón,11690,12382
2009,46,La Rioja,75+,Mujer,5525,6046
2009,46,La Rioja,75+,Varón,3699,3949
2009,50,Mendoza,20 a 29,Mujer,141701,143248
2009,50,Mendoza,20 a 29,Varón,143541,145120
2009,50,Mendoza,30 a 44,Mujer,170525,176051
2009,50,Mendoza,30 a 44,Varón,163363,169272
2009,50,Mendoza,45 a 59,Mujer,135141,137234
2009,50,Mendoza,45 a 59,Varón,123361,125274
2009,50,Mendoza,60 a 74,Mujer,93930,96774
2009,50,Mendoza,60 a 74,Varón,78950,81427
2009,50,Mendoza,75+,Mujer,43771,47392
2009,50,Mendoza,75+,Varón,27606,29566
2009,54,Misiones,20 a 29,Mujer,86986,89578
2009,54,Misiones,20 a 29,Varón,85098,87159
2009,54,Misiones,30 a 44,Mujer,99548,103012
2009,54,Misiones,30 a 44,Varón,97194,99892
2009,54,Misiones,45 a 59,Mujer,68086,73108
2009,54,Misiones,45 a 59,Varón,69840,74142
2009,54,Misiones,60 a 74,Mujer,36375,38169
2009,54,Misiones,60 a 74,Varón,35385,36956
2009,54,Misiones,75+,Mujer,13673,15243
2009,54,Misiones,75+,Varón,10439,11454
2009,58,Neuquén,20 a 29,Mujer,46392,47321
2009,58,Neuquén,20 a 29,Varón,46778,47728
2009,58,Neuquén,30 a 44,Mujer,60530,63227
2009,58,Neuquén,30 a 44,Varón,59072,61375
2009,58,Neuquén,45 a 59,Mujer,40419,43338
2009,58,Neuquén,45 a 59,Varón,39629,41853
2009,58,Neuquén,60 a 74,Mujer,20000,21842
2009,58,Neuquén,60 a 74,Varón,18717,20413
2009,58,Neuquén,75+,Mujer,7488,8464
2009,58,Neuquén,75+,Varón,4931,5558
2009,62,Río Negro,20 a 29,Mujer,49862,50867
2009,62,Río Negro,20 a 29,Varón,50521,51658
2009,62,Río Negro,30 a 44,Mujer,65932,68223
2009,62,Río Negro,30 a 44,Varón,64267,66402
2009,62,Río Negro,45 a 59,Mujer,48396,50451
2009,62,Río Negro,45 a 59,Varón,47511,49023
2009,62,Río Negro,60 a 74,Mujer,28194,29740
2009,62,Río Negro,60 a 74,Varón,26503,27880
2009,62,Río Negro,75+,Mujer,11736,13034
2009,62,Río Negro,75+,Varón,8068,8863
2009,66,Salta,20 a 29,Mujer,99514,101105
2009,66,Salta,20 a 29,Varón,97031,98520
2009,66,Salta,30 a 44,Mujer,114657,120075
2009,66,Salta,30 a 44,Varón,109709,113875
2009,66,Salta,45 a 59,Mujer,77946,81343
2009,66,Salta,45 a 59,Varón,74525,77329
2009,66,Salta,60 a 74,Mujer,45030,47323
2009,66,Salta,60 a 74,Varón,40993,42765
2009,66,Salta,75+,Mujer,17972,19950
2009,66,Salta,75+,Varón,12991,14175
2009,70,San Juan,20 a 29,Mujer,53827,53972
2009,70,San Juan,20 a 29,Varón,54811,55025
2009,70,San Juan,30 a 44,Mujer,66179,68252
2009,70,San Juan,30 a 44,Varón,64106,66721
2009,70,San Juan,45 a 59,Mujer,50952,51805
2009,70,San Juan,45 a 59,Varón,46258,46954
2009,70,San Juan,60 a 74,Mujer,33467,34651
2009,70,San Juan,60 a 74,Varón,27889,28972
2009,70,San Juan,75+,Mujer,13424,14551
2009,70,San Juan,75+,Varón,8727,9312
2009,74,San Luis,20 a 29,Mujer,33730,34465
2009,74,San Luis,20 a 29,Varón,33596,34071
2009,74,San Luis,30 a 44,Mujer,42574,44896
2009,74,San Luis,30 a 44,Varón,42945,44785
2009,74,San Luis,45 a 59,Mujer,31497,32986
2009,74,San Luis,45 a 59,Varón,31254,32495
2009,74,San Luis,60 a 74,Mujer,19899,21136
2009,74,San Luis,60 a 74,Varón,17963,19018
2009,74,San Luis,75+,Mujer,8599,9512
2009,74,San Luis,75+,Varón,5447,5954
2009,78,Santa Cruz,20 a 29,Mujer,21069,23140
2009,78,Santa Cruz,20 a 29,Varón,22998,25478
2009,78,Santa Cruz,30 a 44,Mujer,27359,29700
2009,78,Santa Cruz,30 a 44,Varón,29473,32245
2009,78,Santa Cruz,45 a 59,Mujer,16653,18239
2009,78,Santa Cruz,45 a 59,Varón,18454,20076
2009,78,Santa Cruz,60 a 74,Mujer,7994,8649
2009,78,Santa Cruz,60 a 74,Varón,7948,8328
2009,78,Santa Cruz,75+,Mujer,2577,2958
2009,78,Santa Cruz,75+,Varón,1900,2175
2009,82,Santa Fe,20 a 29,Mujer,263351,266632
2009,82,Santa Fe,20 a 29,Varón,264798,267420
2009,82,Santa Fe,30 a 44,Mujer,319461,328288
2009,82,Santa Fe,30 a 44,Varón,313310,320960
2009,82,Santa Fe,45 a 59,Mujer,259628,263134
2009,82,Santa Fe,45 a 59,Varón,244047,247082
2009,82,Santa Fe,60 a 74,Mujer,190262,191317
2009,82,Santa Fe,60 a 74,Varón,155693,156904
2009,82,Santa Fe,75+,Mujer,108646,113798
2009,82,Santa Fe,75+,Varón,58402,60595
2009,86,Santiago del Estero,20 a 29,Mujer,68974,69691
2009,86,Santiago del Estero,20 a 29,Varón,68163,68355
2009,86,Santiago del Estero,30 a 44,Mujer,78359,82204
2009,86,Santiago del Estero,30 a 44,Varón,78175,80990
2009,86,Santiago del Estero,45 a 59,Mujer,54802,56649
2009,86,Santiago del Estero,45 a 59,Varón,55997,57576
2009,86,Santiago del Estero,60 a 74,Mujer,34497,35228
2009,86,Santiago del Estero,60 a 74,Varón,32053,33050
2009,86,Santiago del Estero,75+,Mujer,15774,16784
2009,86,Santiago del Estero,75+,Varón,10575,11006
2009,90,Tucumán,20 a 29,Mujer,122882,123888
2009,90,Tucumán,20 a 29,Varón,121836,122597
2009,90,Tucumán,30 a 44,Mujer,140444,145982
2009,90,Tucumán,30 a 44,Varón,135867,141087
2009,90,Tucumán,45 a 59,Mujer,105818,109746
2009,90,Tucumán,45 a 59,Varón,99872,102968
2009,90,Tucumán,60 a 74,Mujer,63810,65671
2009,90,Tucumán,60 a 74,Varón,55096,57233
2009,90,Tucumán,75+,Mujer,28296,30850
2009,90,Tucumán,75+,Varón,17840,19017
2009,94,Tierra del Fuego,20 a 29,Mujer,10133,10947
2009,94,Tierra del Fuego,20 a 29,Varón,10582,11579
2009,94,Tierra del Fuego,30 a 44,Mujer,14345,14906
2009,94,Tierra del Fuego,30 a 44,Varón,14864,15367
2009,94,Tierra del Fuego,45 a 59,Mujer,8706,10253
2009,94,Tierra del Fuego,45 a 59,Varón,9717,11125
2009,94,Tierra del Fuego,60 a 74,Mujer,2960,3390
2009,94,Tierra del Fuego,60 a 74,Varón,2914,3397
2009,94,Tierra del Fuego,75+,Mujer,781,1012
2009,94,Tierra del Fuego,75+,Varón,529,626
2013,02,CABA,20 a 29,Mujer,231195,239187
2013,02,CABA,20 a 29,Varón,221356,228216
2013,02,CABA,30 a 44,Mujer,343721,331081
2013,02,CABA,30 a 44,Varón,322378,308351
2013,02,CABA,45 a 59,Mujer,270210,272128
2013,02,CABA,45 a 59,Varón,226998,225618
2013,02,CABA,60 a 74,Mujer,230166,224584
2013,02,CABA,60 a 74,Varón,163965,159443
2013,02,CABA,75+,Mujer,157280,158352
2013,02,CABA,75+,Varón,76101,75816
2013,06,Buenos Aires,20 a 29,Mujer,1276575,1241994
2013,06,Buenos Aires,20 a 29,Varón,1289192,1248067
2013,06,Buenos Aires,30 a 44,Mujer,1707581,1625905
2013,06,Buenos Aires,30 a 44,Varón,1673569,1586547
2013,06,Buenos Aires,45 a 59,Mujer,1300131,1261768
2013,06,Buenos Aires,45 a 59,Varón,1216194,1177109
2013,06,Buenos Aires,60 a 74,Mujer,931794,872592
2013,06,Buenos Aires,60 a 74,Varón,775364,726082
2013,06,Buenos Aires,75+,Mujer,493945,472966
2013,06,Buenos Aires,75+,Varón,275301,263959
2013,10,Catamarca,20 a 29,Mujer,30556,29528
2013,10,Catamarca,20 a 29,Varón,31502,30082
2013,10,Catamarca,30 a 44,Mujer,39828,37493
2013,10,Catamarca,30 a 44,Varón,39672,37460
2013,10,Catamarca,45 a 59,Mujer,27340,26053
2013,10,Catamarca,45 a 59,Varón,27295,26170
2013,10,Catamarca,60 a 74,Mujer,17399,15705
2013,10,Catamarca,60 a 74,Varón,16065,14316
2013,10,Catamarca,75+,Mujer,8335,7750
2013,10,Catamarca,75+,Varón,5163,4780
2013,14,Córdoba,20 a 29,Mujer,282339,272518
2013,14,Córdoba,20 a 29,Varón,283662,272371
2013,14,Córdoba,30 a 44,Mujer,361422,340794
2013,14,Córdoba,30 a 44,Varón,355063,332771
2013,14,Córdoba,45 a 59,Mujer,276042,269454
2013,14,Córdoba,45 a 59,Varón,257418,250528
2013,14,Córdoba,60 a 74,Mujer,208858,196286
2013,14,Córdoba,60 a 74,Varón,172272,162090
2013,14,Córdoba,75+,Mujer,110080,105057
2013,14,Córdoba,75+,Varón,61648,58768
2013,18,Corrientes,20 a 29,Mujer,89284,83699
2013,18,Corrientes,20 a 29,Varón,87042,80733
2013,18,Corrientes,30 a 44,Mujer,101114,96921
2013,18,Corrientes,30 a 44,Varón,94832,90917
2013,18,Corrientes,45 a 59,Mujer,77236,74269
2013,18,Corrientes,45 a 59,Varón,73635,71956
2013,18,Corrientes,60 a 74,Mujer,47606,43634
2013,18,Corrientes,60 a 74,Varón,43590,39323
2013,18,Corrientes,75+,Mujer,21750,19865
2013,18,Corrientes,75+,Varón,13443,12500
2013,22,Chaco,20 a 29,Mujer,95290,89802
2013,22,Chaco,20 a 29,Varón,93256,86810
2013,22,Chaco,30 a 44,Mujer,108706,102157
2013,22,Chaco,30 a 44,Varón,102871,97202
2013,22,Chaco,45 a 59,Mujer,78165,74621
2013,22,Chaco,45 a 59,Varón,75293,73148
2013,22,Chaco,60 a 74,Mujer,45014,41266
2013,22,Chaco,60 a 74,Varón,40912,37200
2013,22,Chaco,75+,Mujer,19635,17801
2013,22,Chaco,75+,Varón,12240,11451
2013,26,Chubut,20 a 29,Mujer,43428,42389
2013,26,Chubut,20 a 29,Varón,44557,43610
2013,26,Chubut,30 a 44,Mujer,60862,55302
2013,26,Chubut,30 a 44,Varón,62060,55612
2013,26,Chubut,45 a 59,Mujer,40809,38192
2013,26,Chubut,45 a 59,Varón,40368,37991
2013,26,Chubut,60 a 74,Mujer,23904,21193
2013,26,Chubut,60 a 74,Varón,21646,19214
2013,26,Chubut,75+,Mujer,10255,9102
2013,26,Chubut,75+,Varón,6482,5870
2013,30,Entre Ríos,20 a 29,Mujer,100100,96909
2013,30,Entre Ríos,20 a 29,Varón,101045,96982
2013,30,Entre Ríos,30 a 44,Mujer,130834,123742
2013,30,Entre Ríos,30 a 44,Varón,128239,121371
2013,30,Entre Ríos,45 a 59,Mujer,101201,98310
2013,30,Entre Ríos,45 a 59,Varón,95736,93297
2013,30,Entre Ríos,60 a 74,Mujer,72205,67708
2013,30,Entre Ríos,60 a 74,Varón,61622,57294
2013,30,Entre Ríos,75+,Mujer,37982,35786
2013,30,Entre Ríos,75+,Varón,20124,18766
2013,34,Formosa,20 a 29,Mujer,45413,42487
2013,34,Formosa,20 a 29,Varón,44519,40743
2013,34,Formosa,30 a 44,Mujer,53325,51411
2013,34,Formosa,30 a 44,Varón,49748,48504
2013,34,Formosa,45 a 59,Mujer,39959,37828
2013,34,Formosa,45 a 59,Varón,39399,37846
2013,34,Formosa,60 a 74,Mujer,22894,20501
2013,34,Formosa,60 a 74,Varón,21894,19938
2013,34,Formosa,75+,Mujer,9282,8227
2013,34,Formosa,75+,Varón,7318,6526
2013,38,Jujuy,20 a 29,Mujer,58102,55798
2013,38,Jujuy,20 a 29,Varón,57355,54632
2013,38,Jujuy,30 a 44,Mujer,74656,69496
2013,38,Jujuy,30 a 44,Varón,71720,66386
2013,38,Jujuy,45 a 59,Mujer,50170,47747
2013,38,Jujuy,45 a 59,Varón,45493,43587
2013,38,Jujuy,60 a 74,Mujer,30938,27887
2013,38,Jujuy,60 a 74,Varón,27075,24712
2013,38,Jujuy,75+,Mujer,12329,10921
2013,38,Jujuy,75+,Varón,8746,7800
2013,42,La Pampa,20 a 29,Mujer,24926,24110
2013,42,La Pampa,20 a 29,Varón,25666,24726
2013,42,La Pampa,30 a 44,Mujer,34222,32651
2013,42,La Pampa,30 a 44,Varón,33937,32409
2013,42,La Pampa,45 a 59,Mujer,27101,26124
2013,42,La Pampa,45 a 59,Varón,26880,26220
2013,42,La Pampa,60 a 74,Mujer,19444,18345
2013,42,La Pampa,60 a 74,Varón,18084,16911
2013,42,La Pampa,75+,Mujer,10277,9624
2013,42,La Pampa,75+,Varón,6474,6000
2013,46,La Rioja,20 a 29,Mujer,31754,29323
2013,46,La Rioja,20 a 29,Varón,31644,29077
2013,46,La Rioja,30 a 44,Mujer,37539,34781
2013,46,La Rioja,30 a 44,Varón,37000,34277
2013,46,La Rioja,45 a 59,Mujer,25042,23633
2013,46,La Rioja,45 a 59,Varón,25017,23850
2013,46,La Rioja,60 a 74,Mujer,14909,13326
2013,46,La Rioja,60 a 74,Varón,13993,12382
2013,46,La Rioja,75+,Mujer,6681,6046
2013,46,La Rioja,75+,Varón,4240,3949
2013,50,Mendoza,20 a 29,Mujer,149598,143248
2013,50,Mendoza,20 a 29,Varón,152194,145120
2013,50,Mendoza,30 a 44,Mujer,186858,176051
2013,50,Mendoza,30 a 44,Varón,181558,169272
2013,50,Mendoza,45 a 59,Mujer,139740,137234
2013,50,Mendoza,45 a 59,Varón,128008,125274
2013,50,Mendoza,60 a 74,Mujer,104691,96774
2013,50,Mendoza,60 a 74,Varón,87728,81427
2013,50,Mendoza,75+,Mujer,50647,47392
2013,50,Mendoza,75+,Varón,31514,29566
2013,54,Misiones,20 a 29,Mujer,95733,89578
2013,54,Misiones,20 a 29,Varón,94086,87159
2013,54,Misiones,30 a 44,Mujer,109335,103012
2013,54,Misiones,30 a 44,Varón,105480,99892
2013,54,Misiones,45 a 59,Mujer,77841,73108
2013,54,Misiones,45 a 59,Varón,77650,74142
2013,54,Misiones,60 a 74,Mujer,42493,38169
2013,54,Misiones,60 a 74,Varón,40930,36956
2013,54,Misiones,75+,Mujer,17390,15243
2013,54,Misiones,75+,Varón,12555,11454
2013,58,Neuquén,20 a 29,Mujer,48606,47321
2013,58,Neuquén,20 a 29,Varón,49746,47728
2013,58,Neuquén,30 a 44,Mujer,67176,63227
2013,58,Neuquén,30 a 44,Varón,65308,61375
2013,58,Neuquén,45 a 59,Mujer,46629,43338
2013,58,Neuquén,45 a 59,Varón,44406,41853
2013,58,Neuquén,60 a 74,Mujer,25227,21842
2013,58,Neuquén,60 a 74,Varón,23345,20413
2013,58,Neuquén,75+,Mujer,9697,8464
2013,58,Neuquén,75+,Varón,6355,5558
2013,62,Río Negro,20 a 29,Mujer,52777,50867
2013,62,Río Negro,20 a 29,Varón,54111,51658
2013,62,Río Negro,30 a 44,Mujer,73069,68223
2013,62,Río Negro,30 a 44,Varón,71432,66402
2013,62,Río Negro,45 a 59,Mujer,53191,50451
2013,62,Río Negro,45 a 59,Varón,51344,49023
2013,62,Río Negro,60 a 74,Mujer,33113,29740
2013,62,Río Negro,60 a 74,Varón,30934,27880
2013,62,Río Negro,75+,Mujer,14395,13034
2013,62,Río Negro,75+,Varón,9913,8863
2013,66,Salta,20 a 29,Mujer,107371,101105
2013,66,Salta,20 a 29,Varón,105826,98520
2013,66,Salta,30 a 44,Mujer,128663,120075
2013,66,Salta,30 a 44,Varón,121751,113875
2013,66,Salta,45 a 59,Mujer,85862,81343
2013,66,Salta,45 a 59,Varón,81272,77329
2013,66,Salta,60 a 74,Mujer,52423,47323
2013,66,Salta,60 a 74,Varón,46822,42765
2013,66,Salta,75+,Mujer,22230,19950
2013,66,Salta,75+,Varón,15585,14175
2013,70,San Juan,20 a 29,Mujer,56758,53972
2013,70,San Juan,20 a 29,Varón,57995,55025
2013,70,San Juan,30 a 44,Mujer,72321,68252
2013,70,San Juan,30 a 44,Varón,71394,66721
2013,70,San Juan,45 a 59,Mujer,53040,51805
2013,70,San Juan,45 a 59,Varón,48355,46954
2013,70,San Juan,60 a 74,Mujer,37853,34651
2013,70,San Juan,60 a 74,Varón,31619,28972
2013,70,San Juan,75+,Mujer,15682,14551
2013,70,San Juan,75+,Varón,9936,9312
2013,74,San Luis,20 a 29,Mujer,36079,34465
2013,74,San Luis,20 a 29,Varón,36059,34071
2013,74,San Luis,30 a 44,Mujer,47984,44896
2013,74,San Luis,30 a 44,Varón,47555,44785
2013,74,San Luis,45 a 59,Mujer,34598,32986
2013,74,San Luis,45 a 59,Varón,34166,32495
2013,74,San Luis,60 a 74,Mujer,23440,21136
2013,74,San Luis,60 a 74,Varón,21124,19018
2013,74,San Luis,75+,Mujer,10512,9512
2013,74,San Luis,75+,Varón,6570,5954
2013,78,Santa Cruz,20 a 29,Mujer,24463,23140
2013,78,Santa Cruz,20 a 29,Varón,26425,25478
2013,78,Santa Cruz,30 a 44,Mujer,34161,29700
2013,78,Santa Cruz,30 a 44,Varón,37300,32245
2013,78,Santa Cruz,45 a 59,Mujer,20135,18239
2013,78,Santa Cruz,45 a 59,Varón,22109,20076
2013,78,Santa Cruz,60 a 74,Mujer,9934,8649
2013,78,Santa Cruz,60 a 74,Varón,9563,8328
2013,78,Santa Cruz,75+,Mujer,3468,2958
2013,78,Santa Cruz,75+,Varón,2486,2175
2013,82,Santa Fe,20 a 29,Mujer,271443,266632
2013,82,Santa Fe,20 a 29,Varón,272361,267420
2013,82,Santa Fe,30 a 44,Mujer,349787,328288
2013,82,Santa Fe,30 a 44,Varón,343729,320960
2013,82,Santa Fe,45 a 59,Mujer,267824,263134
2013,82,Santa Fe,45 a 59,Varón,251137,247082
2013,82,Santa Fe,60 a 74,Mujer,200923,191317
2013,82,Santa Fe,60 a 74,Varón,165381,156904
2013,82,Santa Fe,75+,Mujer,117898,113798
2013,82,Santa Fe,75+,Varón,62566,60595
2013,86,Santiago del Estero,20 a 29,Mujer,73183,69691
2013,86,Santiago del Estero,20 a 29,Varón,72528,68355
2013,86,Santiago del Estero,30 a 44,Mujer,88882,82204
2013,86,Santiago del Estero,30 a 44,Varón,85961,80990
2013,86,Santiago del Estero,45 a 59,Mujer,58676,56649
2013,86,Santiago del Estero,45 a 59,Varón,59124,57576
2013,86,Santiago del Estero,60 a 74,Mujer,38112,35228
2013,86,Santiago del Estero,60 a 74,Varón,36021,33050
2013,86,Santiago del Estero,75+,Mujer,18052,16784
2013,86,Santiago del Estero,75+,Varón,11717,11006
2013,90,Tucumán,20 a 29,Mujer,130324,123888
2013,90,Tucumán,20 a 29,Varón,129407,122597
2013,90,Tucumán,30 a 44,Mujer,157416,145982
2013,90,Tucumán,30 a 44,Varón,152487,141087
2013,90,Tucumán,45 a 59,Mujer,111916,109746
2013,90,Tucumán,45 a 59,Varón,104297,102968
2013,90,Tucumán,60 a 74,Mujer,72934,65671
2013,90,Tucumán,60 a 74,Varón,64357,57233
2013,90,Tucumán,75+,Mujer,33057,30850
2013,90,Tucumán,75+,Varón,20066,19017
2013,94,Tierra del Fuego,20 a 29,Mujer,11746,10947
2013,94,Tierra del Fuego,20 a 29,Varón,12342,11579
2013,94,Tierra del Fuego,30 a 44,Mujer,16748,14906
2013,94,Tierra del Fuego,30 a 44,Varón,17462,15367
2013,94,Tierra del Fuego,45 a 59,Mujer,11476,10253
2013,94,Tierra del Fuego,45 a 59,Varón,12156,11125
2013,94,Tierra del Fuego,60 a 74,Mujer,4197,3390
2013,94,Tierra del Fuego,60 a 74,Varón,4295,3397
2013,94,Tierra del Fuego,75+,Mujer,1191,1012
2013,94,Tierra del Fuego,75+,Varón,764,626
2018,02,CABA,20 a 29,Mujer,211448,239187
2018,02,CABA,20 a 29,Varón,205208,228216
2018,02,CABA,30 a 44,Mujer,354525,331081
2018,02,CABA,30 a 44,Varón,335203,308351
2018,02,CABA,45 a 59,Mujer,276373,272128
2018,02,CABA,45 a 59,Varón,238652,225618
2018,02,CABA,60 a 74,Mujer,238218,224584
2018,02,CABA,60 a 74,Varón,171529,159443
2018,02,CABA,75+,Mujer,160325,158352
2018,02,CABA,75+,Varón,79157,75816
2018,06,Buenos Aires,20 a 29,Mujer,1294738,1241994
2018,06,Buenos Aires,20 a 29,Varón,1319505,1248067
2018,06,Buenos Aires,30 a 44,Mujer,1823894,1625905
2018,06,Buenos Aires,30 a 44,Varón,1802340,1586547
2018,06,Buenos Aires,45 a 59,Mujer,1391029,1261768
2018,06,Buenos Aires,45 a 59,Varón,1309565,1177109
2018,06,Buenos Aires,60 a 74,Mujer,1029861,872592
2018,06,Buenos Aires,60 a 74,Varón,859043,726082
2018,06,Buenos Aires,75+,Mujer,540842,472966
2018,06,Buenos Aires,75+,Varón,305125,263959
2018,10,Catamarca,20 a 29,Mujer,33665,29528
2018,10,Catamarca,20 a 29,Varón,35320,30082
2018,10,Catamarca,30 a 44,Mujer,42009,37493
2018,10,Catamarca,30 a 44,Varón,41832,37460
2018,10,Catamarca,45 a 59,Mujer,30216,26053
2018,10,Catamarca,45 a 59,Varón,29851,26170
2018,10,Catamarca,60 a 74,Mujer,20324,15705
2018,10,Catamarca,60 a 74,Varón,18932,14316
2018,10,Catamarca,75+,Mujer,9531,7750
2018,10,Catamarca,75+,Varón,6102,4780
2018,14,Córdoba,20 a 29,Mujer,295302,272518
2018,14,Córdoba,20 a 29,Varón,298840,272371
2018,14,Córdoba,30 a 44,Mujer,392194,340794
2018,14,Córdoba,30 a 44,Varón,388360,332771
2018,14,Córdoba,45 a 59,Mujer,292696,269454
2018,14,Córdoba,45 a 59,Varón,275013,250528
2018,14,Córdoba,60 a 74,Mujer,227535,196286
2018,14,Córdoba,60 a 74,Varón,188144,162090
2018,14,Córdoba,75+,Mujer,121745,105057
2018,14,Córdoba,75+,Varón,69118,58768
2018,18,Corrientes,20 a 29,Mujer,98463,83699
2018,18,Corrientes,20 a 29,Varón,98773,80733
2018,18,Corrientes,30 a 44,Mujer,108411,96921
2018,18,Corrientes,30 a 44,Varón,101857,90917
2018,18,Corrientes,45 a 59,Mujer,81685,74269
2018,18,Corrientes,45 a 59,Varón,76339,71956
2018,18,Corrientes,60 a 74,Mujer,55186,43634
2018,18,Corrientes,60 a 74,Varón,50432,39323
2018,18,Corrientes,75+,Mujer,25177,19865
2018,18,Corrientes,75+,Varón,15757,12500
2018,22,Chaco,20 a 29,Mujer,106077,89802
2018,22,Chaco,20 a 29,Varón,106847,86810
2018,22,Chaco,30 a 44,Mujer,118738,102157
2018,22,Chaco,30 a 44,Varón,111810,97202
2018,22,Chaco,45 a 59,Mujer,83384,74621
2018,22,Chaco,45 a 59,Varón,78506,73148
2018,22,Chaco,60 a 74,Mujer,53132,41266
2018,22,Chaco,60 a 74,Varón,48271,37200
2018,22,Chaco,75+,Mujer,22768,17801
2018,22,Chaco,75+,Varón,13911,11451
2018,26,Chubut,20 a 29,Mujer,45283,42389
2018,26,Chubut,20 a 29,Varón,46906,43610
2018,26,Chubut,30 a 44,Mujer,68478,55302
2018,26,Chubut,30 a 44,Varón,70733,55612
2018,26,Chubut,45 a 59,Mujer,45940,38192
2018,26,Chubut,45 a 59,Varón,45339,37991
2018,26,Chubut,60 a 74,Mujer,28889,21193
2018,26,Chubut,60 a 74,Varón,26083,19214
2018,26,Chubut,75+,Mujer,12493,9102
2018,26,Chubut,75+,Varón,7859,5870
2018,30,Entre Ríos,20 a 29,Mujer,107046,96909
2018,30,Entre Ríos,20 a 29,Varón,109657,96982
2018,30,Entre Ríos,30 a 44,Mujer,140288,123742
2018,30,Entre Ríos,30 a 44,Varón,137458,121371
2018,30,Entre Ríos,45 a 59,Mujer,107285,98310
2018,30,Entre Ríos,45 a 59,Varón,102061,93297
2018,30,Entre Ríos,60 a 74,Mujer,79972,67708
2018,30,Entre Ríos,60 a 74,Varón,68013,57294
2018,30,Entre Ríos,75+,Mujer,42435,35786
2018,30,Entre Ríos,75+,Varón,23513,18766
2018,34,Formosa,20 a 29,Mujer,51785,42487
2018,34,Formosa,20 a 29,Varón,53320,40743
2018,34,Formosa,30 a 44,Mujer,55724,51411
2018,34,Formosa,30 a 44,Varón,51393,48504
2018,34,Formosa,45 a 59,Mujer,42828,37828
2018,34,Formosa,45 a 59,Varón,41388,37846
2018,34,Formosa,60 a 74,Mujer,27637,20501
2018,34,Formosa,60 a 74,Varón,25622,19938
2018,34,Formosa,75+,Mujer,11340,8227
2018,34,Formosa,75+,Varón,8736,6526
2018,38,Jujuy,20 a 29,Mujer,63738,55798
2018,38,Jujuy,20 a 29,Varón,64506,54632
2018,38,Jujuy,30 a 44,Mujer,79940,69496
2018,38,Jujuy,30 a 44,Varón,77039,66386
2018,38,Jujuy,45 a 59,Mujer,55702,47747
2018,38,Jujuy,45 a 59,Varón,50831,43587
2018,38,Jujuy,60 a 74,Mujer,36198,27887
2018,38,Jujuy,60 a 74,Varón,30986,24712
2018,38,Jujuy,75+,Mujer,15118,10921
2018,38,Jujuy,75+,Varón,10503,7800
2018,42,La Pampa,20 a 29,Mujer,26137,24110
2018,42,La Pampa,20 a 29,Varón,27221,24726
2018,42,La Pampa,30 a 44,Mujer,36436,32651
2018,42,La Pampa,30 a 44,Varón,36164,32409
2018,42,La Pampa,45 a 59,Mujer,28995,26124
2018,42,La Pampa,45 a 59,Varón,28265,26220
2018,42,La Pampa,60 a 74,Mujer,21163,18345
2018,42,La Pampa,60 a 74,Varón,19757,16911
2018,42,La Pampa,75+,Mujer,11635,9624
2018,42,La Pampa,75+,Varón,7538,6000
2018,46,La Rioja,20 a 29,Mujer,34953,29323
2018,46,La Rioja,20 a 29,Varón,35421,29077
2018,46,La Rioja,30 a 44,Mujer,41838,34781
2018,46,La Rioja,30 a 44,Varón,41207,34277
2018,46,La Rioja,45 a 59,Mujer,27843,23633
2018,46,La Rioja,45 a 59,Varón,27371,23850
2018,46,La Rioja,60 a 74,Mujer,17783,13326
2018,46,La Rioja,60 a 74,Varón,16707,12382
2018,46,La Rioja,75+,Mujer,7865,6046
2018,46,La Rioja,75+,Varón,5051,3949
2018,50,Mendoza,20 a 29,Mujer,154608,143248
2018,50,Mendoza,20 a 29,Varón,158406,145120
2018,50,Mendoza,30 a 44,Mujer,203176,176051
2018,50,Mendoza,30 a 44,Varón,200575,169272
2018,50,Mendoza,45 a 59,Mujer,148532,137234
2018,50,Mendoza,45 a 59,Varón,137526,125274
2018,50,Mendoza,60 a 74,Mujer,115682,96774
2018,50,Mendoza,60 a 74,Varón,96429,81427
2018,50,Mendoza,75+,Mujer,57755,47392
2018,50,Mendoza,75+,Varón,35941,29566
2018,54,Misiones,20 a 29,Mujer,108362,89578
2018,54,Misiones,20 a 29,Varón,109877,87159
2018,54,Misiones,30 a 44,Mujer,118992,103012
2018,54,Misiones,30 a 44,Varón,114157,99892
2018,54,Misiones,45 a 59,Mujer,85164,73108
2018,54,Misiones,45 a 59,Varón,82834,74142
2018,54,Misiones,60 a 74,Mujer,51398,38169
2018,54,Misiones,60 a 74,Varón,49016,36956
2018,54,Misiones,75+,Mujer,21142,15243
2018,54,Misiones,75+,Varón,14726,11454
2018,58,Neuquén,20 a 29,Mujer,50187,47321
2018,58,Neuquén,20 a 29,Varón,52182,47728
2018,58,Neuquén,30 a 44,Mujer,72078,63227
2018,58,Neuquén,30 a 44,Varón,70664,61375
2018,58,Neuquén,45 a 59,Mujer,52573,43338
2018,58,Neuquén,45 a 59,Varón,49417,41853
2018,58,Neuquén,60 a 74,Mujer,31324,21842
2018,58,Neuquén,60 a 74,Varón,28390,20413
2018,58,Neuquén,75+,Mujer,12250,8464
2018,58,Neuquén,75+,Varón,8095,5558
2018,62,Río Negro,20 a 29,Mujer,55984,50867
2018,62,Río Negro,20 a 29,Varón,58142,51658
2018,62,Río Negro,30 a 44,Mujer,79543,68223
2018,62,Río Negro,30 a 44,Varón,78375,66402
2018,62,Río Negro,45 a 59,Mujer,58250,50451
2018,62,Río Negro,45 a 59,Varón,56267,49023
2018,62,Río Negro,60 a 74,Mujer,38901,29740
2018,62,Río Negro,60 a 74,Varón,35868,27880
2018,62,Río Negro,75+,Mujer,17216,13034
2018,62,Río Negro,75+,Varón,12068,8863
2018,66,Salta,20 a 29,Mujer,119691,101105
2018,66,Salta,20 a 29,Varón,120919,98520
2018,66,Salta,30 a 44,Mujer,140002,120075
2018,66,Salta,30 a 44,Varón,132629,113875
2018,66,Salta,45 a 59,Mujer,95654,81343
2018,66,Salta,45 a 59,Varón,89889,77329
2018,66,Salta,60 a 74,Mujer,61101,47323
2018,66,Salta,60 a 74,Varón,53769,42765
2018,66,Salta,75+,Mujer,26657,19950
2018,66,Salta,75+,Varón,18356,14175
2018,70,San Juan,20 a 29,Mujer,61802,53972
2018,70,San Juan,20 a 29,Varón,63623,55025
2018,70,San Juan,30 a 44,Mujer,77018,68252
2018,70,San Juan,30 a 44,Varón,77215,66721
2018,70,San Juan,45 a 59,Mujer,57108,51805
2018,70,San Juan,45 a 59,Varón,53122,46954
2018,70,San Juan,60 a 74,Mujer,42368,34651
2018,70,San Juan,60 a 74,Varón,35184,28972
2018,70,San Juan,75+,Mujer,18501,14551
2018,70,San Juan,75+,Varón,11690,9312
2018,74,San Luis,20 a 29,Mujer,40021,34465
2018,74,San Luis,20 a 29,Varón,40759,34071
2018,74,San Luis,30 a 44,Mujer,51862,44896
2018,74,San Luis,30 a 44,Varón,51148,44785
2018,74,San Luis,45 a 59,Mujer,37764,32986
2018,74,San Luis,45 a 59,Varón,37518,32495
2018,74,San Luis,60 a 74,Mujer,27119,21136
2018,74,San Luis,60 a 74,Varón,24376,19018
2018,74,San Luis,75+,Mujer,12658,9512
2018,74,San Luis,75+,Varón,8026,5954
2018,78,Santa Cruz,20 a 29,Mujer,26476,23140
2018,78,Santa Cruz,20 a 29,Varón,27712,25478
2018,78,Santa Cruz,30 a 44,Mujer,41057,29700
2018,78,Santa Cruz,30 a 44,Varón,44950,32245
2018,78,Santa Cruz,45 a 59,Mujer,23836,18239
2018,78,Santa Cruz,45 a 59,Varón,26039,20076
2018,78,Santa Cruz,60 a 74,Mujer,12453,8649
2018,78,Santa Cruz,60 a 74,Varón,12297,8328
2018,78,Santa Cruz,75+,Mujer,4507,2958
2018,78,Santa Cruz,75+,Varón,3035,2175
2018,82,Santa Fe,20 a 29,Mujer,273463,266632
2018,82,Santa Fe,20 a 29,Varón,275064,267420
2018,82,Santa Fe,30 a 44,Mujer,381830,328288
2018,82,Santa Fe,30 a 44,Varón,378123,320960
2018,82,Santa Fe,45 a 59,Mujer,279067,263134
2018,82,Santa Fe,45 a 59,Varón,262105,247082
2018,82,Santa Fe,60 a 74,Mujer,218078,191317
2018,82,Santa Fe,60 a 74,Varón,180274,156904
2018,82,Santa Fe,75+,Mujer,125983,113798
2018,82,Santa Fe,75+,Varón,67662,60595
2018,86,Santiago del Estero,20 a 29,Mujer,83211,69691
2018,86,Santiago del Estero,20 a 29,Varón,84781,68355
2018,86,Santiago del Estero,30 a 44,Mujer,96540,82204
2018,86,Santiago del Estero,30 a 44,Varón,91248,80990
2018,86,Santiago del Estero,45 a 59,Mujer,63926,56649
2018,86,Santiago del Estero,45 a 59,Varón,63594,57576
2018,86,Santiago del Estero,60 a 74,Mujer,43466,35228
2018,86,Santiago del Estero,60 a 74,Varón,40905,33050
2018,86,Santiago del Estero,75+,Mujer,20528,16784
2018,86,Santiago del Estero,75+,Varón,13434,11006
2018,90,Tucumán,20 a 29,Mujer,141672,123888
2018,90,Tucumán,20 a 29,Varón,142203,122597
2018,90,Tucumán,30 a 44,Mujer,173574,145982
2018,90,Tucumán,30 a 44,Varón,168803,141087
2018,90,Tucumán,45 a 59,Mujer,117431,109746
2018,90,Tucumán,45 a 59,Varón,109602,102968
2018,90,Tucumán,60 a 74,Mujer,86102,65671
2018,90,Tucumán,60 a 74,Varón,75584,57233
2018,90,Tucumán,75+,Mujer,37309,30850
2018,90,Tucumán,75+,Varón,22843,19017
2018,94,Tierra del Fuego,20 a 29,Mujer,12981,10947
2018,94,Tierra del Fuego,20 a 29,Varón,13573,11579
2018,94,Tierra del Fuego,30 a 44,Mujer,19747,14906
2018,94,Tierra del Fuego,30 a 44,Varón,20983,15367
2018,94,Tierra del Fuego,45 a 59,Mujer,13335,10253
2018,94,Tierra del Fuego,45 a 59,Varón,13532,11125
2018,94,Tierra del Fuego,60 a 74,Mujer,6044,3390
2018,94,Tierra del Fuego,60 a 74,Varón,6343,3397
2018,94,Tierra del Fuego,75+,Mujer,1555,1012
2018,94,Tierra del Fuego,75+,Varón,1064,626
