anio,prov_id,prov_nombre,grupo_edad_10,sexo,proy_pob,pob_est
2005,02,CABA,20 a 29,Mujer,243701,239187
2005,02,CABA,20 a 29,Varón,228321,228216
2005,02,CABA,30 a 39,Mujer,224243,236079
2005,02,CABA,30 a 39,Varón,213307,222466
2005,02,CABA,40 a 49,Mujer,194853,185857
2005,02,CABA,40 a 49,Varón,176243,164611
2005,02,CABA,50 a 59,Mujer,187843,181273
2005,02,CABA,50 a 59,Varón,153967,146892
2005,02,CABA,60 a 69,Mujer,169062,159298
2005,02,CABA,60 a 69,Varón,118792,116896
2005,02,CABA,70 a 79,Mujer,147823,121928
2005,02,CABA,70 a 79,Varón,86161,75226
2005,02,CABA,80+,Mujer,100219,101710
2005,02,CABA,80+,Varón,39349,43137
2005,06,Buenos Aires,20 a 29,Mujer,1212729,1241994
2005,06,Buenos Aires,20 a 29,Varón,1241307,1248067
2005,06,Buenos Aires,30 a 39,Mujer,1010635,1148888
2005,06,Buenos Aires,30 a 39,Varón,1017305,1126881
2005,06,Buenos Aires,40 a 49,Mujer,873313,927339
2005,06,Buenos Aires,40 a 49,Varón,826228,887183
2005,06,Buenos Aires,50 a 59,Mujer,771036,811446
2005,06,Buenos Aires,50 a 59,Varón,694872,749592
2005,06,Buenos Aires,60 a 69,Mujer,577304,635955
2005,06,Buenos Aires,60 a 69,Varón,493284,547287
2005,06,Buenos Aires,70 a 79,Mujer,447520,436264
2005,06,Buenos Aires,70 a 79,Varón,306565,311545
2005,06,Buenos Aires,80+,Mujer,211345,273339
2005,06,Buenos Aires,80+,Varón,103959,131209
2005,10,Catamarca,20 a 29,Mujer,30248,29528
2005,10,Catamarca,20 a 29,Varón,31390,30082
2005,10,Catamarca,30 a 39,Mujer,23062,27059
2005,10,Catamarca,30 a 39,Varón,23915,26979
2005,10,Catamarca,40 a 49,Mujer,18606,19839
2005,10,Catamarca,40 a 49,Varón,19310,19917
2005,10,Catamarca,50 a 59,Mujer,14919,16648
2005,10,Catamarca,50 a 59,Varón,15124,16734
2005,10,Catamarca,60 a 69,Mujer,10039,11676
2005,10,Catamarca,60 a 69,Varón,8974,10994
2005,10,Catamarca,70 a 79,Mujer,7177,7390
2005,10,Catamarca,70 a 79,Varón,5396,5693
2005,10,Catamarca,80+,Mujer,3101,4389
2005,10,Catamarca,80+,Varón,1816,2409
2005,14,Córdoba,20 a 29,Mujer,282514,272518
2005,14,Córdoba,20 a 29,Varón,287524,272371
2005,14,Córdoba,30 a 39,Mujer,210583,241886
2005,14,Córdoba,30 a 39,Varón,213479,238386
2005,14,Córdoba,40 a 49,Mujer,189098,194566
2005,14,Córdoba,40 a 49,Varón,180777,185136
2005,14,Córdoba,50 a 59,Mujer,170102,173796
2005,14,Córdoba,50 a 59,Varón,155691,159777
2005,14,Córdoba,60 a 69,Mujer,133541,142743
2005,14,Córdoba,60 a 69,Varón,113005,121542
2005,14,Córdoba,70 a 79,Mujer,101148,97928
2005,14,Córdoba,70 a 79,Varón,70342,70161
2005,14,Córdoba,80+,Mujer,49847,60672
2005,14,Córdoba,80+,Varón,23479,29155
2005,18,Corrientes,20 a 29,Mujer,83385,83699
2005,18,Corrientes,20 a 29,Varón,84214,80733
2005,18,Corrientes,30 a 39,Mujer,59154,68400
2005,18,Corrientes,30 a 39,Varón,57748,64105
2005,18,Corrientes,40 a 49,Mujer,53391,55919
2005,18,Corrientes,40 a 49,Varón,51931,52960
2005,18,Corrientes,50 a 59,Mujer,40394,46871
2005,18,Corrientes,50 a 59,Varón,40887,45808
2005,18,Corrientes,60 a 69,Mujer,28383,32062
2005,18,Corrientes,60 a 69,Varón,24867,30149
2005,18,Corrientes,70 a 79,Mujer,18634,20508
2005,18,Corrientes,70 a 79,Varón,14021,15473
2005,18,Corrientes,80+,Mujer,8506,10929
2005,18,Corrientes,80+,Varón,4844,6201
2005,22,Chaco,20 a 29,Mujer,86664,89802
2005,22,Chaco,20 a 29,Varón,88246,86810
2005,22,Chaco,30 a 39,Mujer,61165,72859
2005,22,Chaco,30 a 39,Varón,60093,69372
2005,22,Chaco,40 a 49,Mujer,54918,57024
2005,22,Chaco,40 a 49,Varón,54752,54585
2005,22,Chaco,50 a 59,Mujer,39620,46895
2005,22,Chaco,50 a 59,Varón,41264,46393
2005,22,Chaco,60 a 69,Mujer,27401,30197
2005,22,Chaco,60 a 69,Varón,24657,28363
2005,22,Chaco,70 a 79,Mujer,17748,19348
2005,22,Chaco,70 a 79,Varón,13677,14901
2005,22,Chaco,80+,Mujer,5982,9522
2005,22,Chaco,80+,Varón,3833,5387
2005,26,Chubut,20 a 29,Mujer,36737,42389
2005,26,Chubut,20 a 29,Varón,38307,43610
2005,26,Chubut,30 a 39,Mujer,30744,39840
2005,26,Chubut,30 a 39,Varón,31219,40267
2005,26,Chubut,40 a 49,Mujer,26677,29772
2005,26,Chubut,40 a 49,Varón,27159,29672
2005,26,Chubut,50 a 59,Mujer,20155,23882
2005,26,Chubut,50 a 59,Varón,20202,23664
2005,26,Chubut,60 a 69,Mujer,13169,15826
2005,26,Chubut,60 a 69,Varón,12664,14818
2005,26,Chubut,70 a 79,Mujer,8115,9450
2005,26,Chubut,70 a 79,Varón,6444,7371
2005,26,Chubut,80+,Mujer,3315,5019
2005,26,Chubut,80+,Varón,1902,2895
2005,30,Entre Ríos,20 a 29,Mujer,96802,96909
2005,30,Entre Ríos,20 a 29,Varón,99477,96982
2005,30,Entre Ríos,30 a 39,Mujer,76493,87514
2005,30,Entre Ríos,30 a 39,Varón,77937,85955
2005,30,Entre Ríos,40 a 49,Mujer,69905,71491
2005,30,Entre Ríos,40 a 49,Varón,68178,69152
2005,30,Entre Ríos,50 a 59,Mujer,59118,63047
2005,30,Entre Ríos,50 a 59,Varón,57221,59561
2005,30,Entre Ríos,60 a 69,Mujer,45222,49040
2005,30,Entre Ríos,60 a 69,Varón,39595,43292
2005,30,Entre Ríos,70 a 79,Mujer,33826,34040
2005,30,Entre Ríos,70 a 79,Varón,22355,23658
2005,30,Entre Ríos,80+,Mujer,16969,20414
2005,30,Entre Ríos,80+,Varón,7874,9110
2005,34,Formosa,20 a 29,Mujer,41417,42487
2005,34,Formosa,20 a 29,Varón,42180,40743
2005,34,Formosa,30 a 39,Mujer,30973,36130
2005,34,Formosa,30 a 39,Varón,29878,33863
2005,34,Formosa,40 a 49,Mujer,27213,29285
2005,34,Formosa,40 a 49,Varón,27608,28734
2005,34,Formosa,50 a 59,Mujer,19295,23824
2005,34,Formosa,50 a 59,Varón,20272,23753
2005,34,Formosa,60 a 69,Mujer,12300,15229
2005,34,Formosa,60 a 69,Varón,12470,15005
2005,34,Formosa,70 a 79,Mujer,7425,9104
2005,34,Formosa,70 a 79,Varón,6778,8277
2005,34,Formosa,80+,Mujer,2635,4395
2005,34,Formosa,80+,Varón,2076,3182
2005,38,Jujuy,20 a 29,Mujer,57601,55798
2005,38,Jujuy,20 a 29,Varón,57862,54632
2005,38,Jujuy,30 a 39,Mujer,41881,50276
2005,38,Jujuy,30 a 39,Varón,41205,48444
2005,38,Jujuy,40 a 49,Mujer,34432,36662
2005,38,Jujuy,40 a 49,Varón,31750,33957
2005,38,Jujuy,50 a 59,Mujer,26666,30305
2005,38,Jujuy,50 a 59,Varón,24907,27572
2005,38,Jujuy,60 a 69,Mujer,17746,20904
2005,38,Jujuy,60 a 69,Varón,16345,18701
2005,38,Jujuy,70 a 79,Mujer,10869,12149
2005,38,Jujuy,70 a 79,Varón,9052,10165
2005,38,Jujuy,80+,Mujer,4110,5755
2005,38,Jujuy,80+,Varón,2679,3646
2005,42,La Pampa,20 a 29,Mujer,24322,24110
2005,42,La Pampa,20 a 29,Varón,25718,24726
2005,42,La Pampa,30 a 39,Mujer,21033,22759
2005,42,La Pampa,30 a 39,Varón,21551,22690
2005,42,La Pampa,40 a 49,Mujer,18908,19422
2005,42,La Pampa,40 a 49,Varón,19402,19218
2005,42,La Pampa,50 a 59,Mujer,16015,16594
2005,42,La Pampa,50 a 59,Varón,16292,16721
2005,42,La Pampa,60 a 69,Mujer,12292,13333
2005,42,La Pampa,60 a 69,Varón,11868,12709
2005,42,La Pampa,70 a 79,Mujer,8654,9000
2005,42,La Pampa,70 a 79,Varón,6778,7219
2005,42,La Pampa,80+,Mujer,4440,5636
2005,42,La Pampa,80+,Varón,2310,2983
2005,46,La Rioja,20 a 29,Mujer,28575,29323
2005,46,La Rioja,20 a 29,Varón,29413,29077
2005,46,La Rioja,30 a 39,Mujer,21098,25216
2005,46,La Rioja,30 a 39,Varón,21817,24770
2005,46,La Rioja,40 a 49,Mujer,17179,18410
2005,46,La Rioja,40 a 49,Varón,17584,18365
2005,46,La Rioja,50 a 59,Mujer,12830,14788
2005,46,La Rioja,50 a 59,Varón,13227,14992
2005,46,La Rioja,60 a 69,Mujer,8413,9898
2005,46,La Rioja,60 a 69,Varón,7850,9589
2005,46,La Rioja,70 a 79,Mujer,5405,6094
2005,46,La Rioja,70 a 79,Varón,4467,4781
2005,46,La Rioja,80+,Mujer,2210,3380
2005,46,La Rioja,80+,Varón,1437,1961
2005,50,Mendoza,20 a 29,Mujer,140127,143248
2005,50,Mendoza,20 a 29,Varón,143112,145120
2005,50,Mendoza,30 a 39,Mujer,108918,125410
2005,50,Mendoza,30 a 39,Varón,105546,121617
2005,50,Mendoza,40 a 49,Mujer,94754,98351
2005,50,Mendoza,40 a 49,Varón,87288,91765
2005,50,Mendoza,50 a 59,Mujer,86087,89524
2005,50,Mendoza,50 a 59,Varón,77716,81164
2005,50,Mendoza,60 a 69,Mujer,62151,71371
2005,50,Mendoza,60 a 69,Varón,53773,61455
2005,50,Mendoza,70 a 79,Mujer,45065,46000
2005,50,Mendoza,70 a 79,Varón,33722,34677
2005,50,Mendoza,80+,Mujer,20531,26795
2005,50,Mendoza,80+,Varón,11904,14861
2005,54,Misiones,20 a 29,Mujer,83339,89578
2005,54,Misiones,20 a 29,Varón,84032,87159
2005,54,Misiones,30 a 39,Mujer,61786,73199
2005,54,Misiones,30 a 39,Varón,61430,70912
2005,54,Misiones,40 a 49,Mujer,53744,57850
2005,54,Misiones,40 a 49,Varón,54941,56999
2005,54,Misiones,50 a 59,Mujer,36415,45071
2005,54,Misiones,50 a 59,Varón,38632,46123
2005,54,Misiones,60 a 69,Mujer,24195,28340
2005,54,Misiones,60 a 69,Varón,23847,28054
2005,54,Misiones,70 a 79,Mujer,14977,17107
2005,54,Misiones,70 a 79,Varón,13377,14890
2005,54,Misiones,80+,Mujer,5568,7965
2005,54,Misiones,80+,Varón,3941,5466
2005,58,Neuquén,20 a 29,Mujer,44018,47321
2005,58,Neuquén,20 a 29,Varón,44988,47728
2005,58,Neuquén,30 a 39,Mujer,38416,45041
2005,58,Neuquén,30 a 39,Varón,37854,43939
2005,58,Neuquén,40 a 49,Mujer,31759,34847
2005,58,Neuquén,40 a 49,Varón,31054,33300
2005,58,Neuquén,50 a 59,Mujer,22650,26677
2005,58,Neuquén,50 a 59,Varón,22330,25989
2005,58,Neuquén,60 a 69,Mujer,13164,16656
2005,58,Neuquén,60 a 69,Varón,12696,15937
2005,58,Neuquén,70 a 79,Mujer,7885,9002
2005,58,Neuquén,70 a 79,Varón,6188,7371
2005,58,Neuquén,80+,Mujer,3410,4648
2005,58,Neuquén,80+,Varón,1899,2663
2005,62,Río Negro,20 a 29,Mujer,46500,50867
2005,62,Río Negro,20 a 29,Varón,47546,51658
2005,62,Río Negro,30 a 39,Mujer,39579,48271
2005,62,Río Negro,30 a 39,Varón,38921,47076
2005,62,Río Negro,40 a 49,Mujer,35740,38720
2005,62,Río Negro,40 a 49,Varón,34668,37436
2005,62,Río Negro,50 a 59,Mujer,27633,31683
2005,62,Río Negro,50 a 59,Varón,27566,30913
2005,62,Río Negro,60 a 69,Mujer,18573,22299
2005,62,Río Negro,60 a 69,Varón,18249,21326
2005,62,Río Negro,70 a 79,Mujer,11755,13149
2005,62,Río Negro,70 a 79,Varón,9911,11056
2005,62,Río Negro,80+,Mujer,4772,7326
2005,62,Río Negro,80+,Varón,3296,4361
2005,66,Salta,20 a 29,Mujer,99879,101105
2005,66,Salta,20 a 29,Varón,98996,98520
2005,66,Salta,30 a 39,Mujer,73644,86456
2005,66,Salta,30 a 39,Varón,72145,81823
2005,66,Salta,40 a 49,Mujer,58736,63821
2005,66,Salta,40 a 49,Varón,57319,61078
2005,66,Salta,50 a 59,Mujer,45513,51141
2005,66,Salta,50 a 59,Varón,43711,48303
2005,66,Salta,60 a 69,Mujer,29298,35343
2005,66,Salta,60 a 69,Varón,27718,32303
2005,66,Salta,70 a 79,Mujer,18470,21135
2005,66,Salta,70 a 79,Varón,15878,17844
2005,66,Salta,80+,Mujer,7296,10795
2005,66,Salta,80+,Varón,4826,6793
2005,70,San Juan,20 a 29,Mujer,55281,53972
2005,70,San Juan,20 a 29,Varón,56627,55025
2005,70,San Juan,30 a 39,Mujer,43847,48706
2005,70,San Juan,30 a 39,Varón,43090,48157
2005,70,San Juan,40 a 49,Mujer,36735,37731
2005,70,San Juan,40 a 49,Varón,33961,35454
2005,70,San Juan,50 a 59,Mujer,32501,33620
2005,70,San Juan,50 a 59,Varón,29489,30064
2005,70,San Juan,60 a 69,Mujer,22557,25952
2005,70,San Juan,60 a 69,Varón,19243,22262
2005,70,San Juan,70 a 79,Mujer,14949,15390
2005,70,San Juan,70 a 79,Varón,11351,11510
2005,70,San Juan,80+,Mujer,6060,7860
2005,70,San Juan,80+,Varón,3745,4512
2005,74,San Luis,20 a 29,Mujer,33159,34465
2005,74,San Luis,20 a 29,Varón,34140,34071
2005,74,San Luis,30 a 39,Mujer,26535,32029
2005,74,San Luis,30 a 39,Varón,27806,31792
2005,74,San Luis,40 a 49,Mujer,22729,24863
2005,74,San Luis,40 a 49,Varón,22918,24976
2005,74,San Luis,50 a 59,Mujer,18366,20990
2005,74,San Luis,50 a 59,Varón,18524,20512
2005,74,San Luis,60 a 69,Mujer,13051,15775
2005,74,San Luis,60 a 69,Varón,12207,14590
2005,74,San Luis,70 a 79,Mujer,8511,9507
2005,74,San Luis,70 a 79,Varón,6709,7553
2005,74,San Luis,80+,Mujer,3632,5366
2005,74,San Luis,80+,Varón,2166,2829
2005,78,Santa Cruz,20 a 29,Mujer,16123,23140
2005,78,Santa Cruz,20 a 29,Varón,17407,25478
2005,78,Santa Cruz,30 a 39,Mujer,16205,21647
2005,78,Santa Cruz,30 a 39,Varón,16524,23588
2005,78,Santa Cruz,40 a 49,Mujer,13093,15297
2005,78,Santa Cruz,40 a 49,Varón,14146,16602
2005,78,Santa Cruz,50 a 59,Mujer,8644,10995
2005,78,Santa Cruz,50 a 59,Varón,9428,12131
2005,78,Santa Cruz,60 a 69,Mujer,5276,6600
2005,78,Santa Cruz,60 a 69,Varón,5480,6458
2005,78,Santa Cruz,70 a 79,Mujer,2935,3512
2005,78,Santa Cruz,70 a 79,Varón,2656,3061
2005,78,Santa Cruz,80+,Mujer,1024,1495
2005,78,Santa Cruz,80+,Varón,647,984
2005,82,Santa Fe,20 a 29,Mujer,268816,266632
2005,82,Santa Fe,20 a 29,Varón,275976,267420
2005,82,Santa Fe,30 a 39,Mujer,200714,233915
2005,82,Santa Fe,30 a 39,Varón,202352,229648
2005,82,Santa Fe,40 a 49,Mujer,185500,187158
2005,82,Santa Fe,40 a 49,Varón,179091,179642
2005,82,Santa Fe,50 a 59,Mujer,163505,170349
2005,82,Santa Fe,50 a 59,Varón,152568,158752
2005,82,Santa Fe,60 a 69,Mujer,131181,136948
2005,82,Santa Fe,60 a 69,Varón,111266,116654
2005,82,Santa Fe,70 a 79,Mujer,105656,100858
2005,82,Santa Fe,70 a 79,Varón,70250,69911
2005,82,Santa Fe,80+,Mujer,55189,67309
2005,82,Santa Fe,80+,Varón,24902,30934
2005,86,Santiago del Estero,20 a 29,Mujer,71285,69691
2005,86,Santiago del Estero,20 a 29,Varón,75017,68355
2005,86,Santiago del Estero,30 a 39,Mujer,50140,59949
2005,86,Santiago del Estero,30 a 39,Varón,51946,58360
2005,86,Santiago del Estero,40 a 49,Mujer,41183,42626
2005,86,Santiago del Estero,40 a 49,Varón,41886,43299
2005,86,Santiago del Estero,50 a 59,Mujer,32442,36278
2005,86,Santiago del Estero,50 a 59,Varón,34487,36907
2005,86,Santiago del Estero,60 a 69,Mujer,23191,25781
2005,86,Santiago del Estero,60 a 69,Varón,21929,25040
2005,86,Santiago del Estero,70 a 79,Mujer,15440,16769
2005,86,Santiago del Estero,70 a 79,Varón,12566,13548
2005,86,Santiago del Estero,80+,Mujer,6247,9462
2005,86,Santiago del Estero,80+,Varón,4137,5468
2005,90,Tucumán,20 a 29,Mujer,130140,123888
2005,90,Tucumán,20 a 29,Varón,131284,122597
2005,90,Tucumán,30 a 39,Mujer,87800,106238
2005,90,Tucumán,30 a 39,Varón,87686,103095
2005,90,Tucumán,40 a 49,Mujer,77994,77831
2005,90,Tucumán,40 a 49,Varón,73981,73627
2005,90,Tucumán,50 a 59,Mujer,65473,71659
2005,90,Tucumán,50 a 59,Varón,63317,67333
2005,90,Tucumán,60 a 69,Mujer,41612,48885
2005,90,Tucumán,60 a 69,Varón,36719,44157
2005,90,Tucumán,70 a 79,Mujer,30425,30700
2005,90,Tucumán,70 a 79,Varón,22281,22656
2005,90,Tucumán,80+,Mujer,12082,16936
2005,90,Tucumán,80+,Varón,6817,9437
2005,94,Tierra del Fuego,20 a 29,Mujer,8350,10947
2005,94,Tierra del Fuego,20 a 29,Varón,8825,11579
2005,94,Tierra del Fuego,30 a 39,Mujer,9175,10584
2005,94,Tierra del Fuego,30 a 39,Varón,9092,10983
2005,94,Tierra del Fuego,40 a 49,Mujer,8288,8665
2005,94,Tierra del Fuego,40 a 49,Varón,9390,8932
2005,94,Tierra del Fuego,50 a 59,Mujer,4238,5910
2005,94,Tierra del Fuego,50 a 59,Varón,4843,6577
2005,94,Tierra del Fuego,60 a 69,Mujer,2002,2677
2005,94,Tierra del Fuego,60 a 69,Varón,1979,2766
2005,94,Tierra del Fuego,70 a 79,Mujer,986,1193
2005,94,Tierra del Fuego,70 a 79,Varón,805,989
2005,94,Tierra del Fuego,80+,Mujer,286,532
2005,94,Tierra del Fuego,80+,Varón,194,268
2009,02,CABA,20 a 29,Mujer,239586,239187
2009,02,CABA,20 a 29,Varón,228549,228216
2009,02,CABA,30 a 39,Mujer,231971,236079
2009,02,CABA,30 a 39,Varón,218876,222466
2009,02,CABA,40 a 49,Mujer,186872,185857
2009,02,CABA,40 a 49,Varón,165401,164611
2009,02,CABA,50 a 59,Mujer,182036,181273
2009,02,CABA,50 a 59,Varón,147249,146892
2009,02,CABA,60 a 69,Mujer,160105,159298
2009,02,CABA,60 a 69,Varón,117089,116896
2009,02,CABA,70 a 79,Mujer,120959,121928
2009,02,CABA,70 a 79,Varón,75577,75226
2009,02,CABA,80+,Mujer,99252,101710
2009,02,CABA,80+,Varón,41602,43137
2009,06,Buenos Aires,20 a 29,Mujer,1233149,1241994
2009,06,Buenos Aires,20 a 29,Varón,1242516,1248067
2009,06,Buenos Aires,30 a 39,Mujer,1105727,1148888
2009,06,Buenos Aires,30 a 39,Varón,1090333,1126881
2009,06,Buenos Aires,40 a 49,Mujer,916921,927339
2009,06,Buenos Aires,40 a 49,Varón,873906,887183
2009,06,Buenos Aires,50 a 59,Mujer,794511,811446
2009,06,Buenos Aires,50 a 59,Varón,734437,749592
2009,06,Buenos Aires,60 a 69,Mujer,621569,635955
2009,06,Buenos Aires,60 a 69,Varón,533329,547287
2009,06,Buenos Aires,70 a 79,Mujer,433914,436264
2009,06,Buenos Aires,70 a 79,Varón,309236,311545
2009,06,Buenos Aires,80+,Mujer,246355,273339
2009,06,Buenos Aires,80+,Varón,119684,131209
2009,10,Catamarca,20 a 29,Mujer,29244,29528
2009,10,Catamarca,20 a 29,Varón,29894,30082
2009,10,Catamarca,30 a 39,Mujer,25459,27059
2009,10,Catamarca,30 a 39,Varón,25622,26979
2009,10,Catamarca,40 a 49,Mujer,19430,19839
2009,10,Catamarca,40 a 49,Varón,19573,19917
2009,10,Catamarca,50 a 59,Mujer,15738,16648
2009,10,Catamarca,50 a 59,Varón,15808,16734
2009,10,Catamarca,60 a 69,Mujer,11156,11676
2009,10,Catamarca,60 a 69,Varón,10308,10994
2009,10,Catamarca,70 a 79,Mujer,7235,7390
2009,10,Catamarca,70 a 79,Varón,5526,5693
2009,10,Catamarca,80+,Mujer,3900,4389
2009,10,Catamarca,80+,Varón,2263,2409
2009,14,Córdoba,20 a 29,Mujer,270799,272518
2009,14,Córdoba,20 a 29,Varón,271391,272371
2009,14,Córdoba,30 a 39,Mujer,233371,241886
2009,14,Córdoba,30 a 39,Varón,231003,238386
2009,14,Córdoba,40 a 49,Mujer,193092,194566
2009,14,Córdoba,40 a 49,Varón,183488,185136
2009,14,Córdoba,50 a 59,Mujer,171439,173796
2009,14,Córdoba,50 a 59,Varón,157669,159777
2009,14,Córdoba,60 a 69,Mujer,140088,142743
2009,14,Córdoba,60 a 69,Varón,119102,121542
2009,14,Córdoba,70 a 79,Mujer,97468,97928
2009,14,Córdoba,70 a 79,Varón,69450,70161
2009,14,Córdoba,80+,Mujer,55143,60672
2009,14,Córdoba,80+,Varón,26649,29155
2009,18,Corrientes,20 a 29,Mujer,82579,83699
2009,18,Corrientes,20 a 29,Varón,79930,80733
2009,18,Corrientes,30 a 39,Mujer,66307,68400
2009,18,Corrientes,30 a 39,Varón,62655,64105
2009,18,Corrientes,40 a 49,Mujer,54893,55919
2009,18,Corrientes,40 a 49,Varón,52379,52960
2009,18,Corrientes,50 a 59,Mujer,44210,46871
2009,18,Corrientes,50 a 59,Varón,43425,45808
2009,18,Corrientes,60 a 69,Mujer,31020,32062
2009,18,Corrientes,60 a 69,Varón,28509,30149
2009,18,Corrientes,70 a 79,Mujer,19833,20508
2009,18,Corrientes,70 a 79,Varón,14964,15473
2009,18,Corrientes,80+,Mujer,9922,10929
2009,18,Corrientes,80+,Varón,5773,6201
2009,22,Chaco,20 a 29,Mujer,87830,89802
2009,22,Chaco,20 a 29,Varón,85607,86810
2009,22,Chaco,30 a 39,Mujer,70024,72859
2009,22,Chaco,30 a 39,Varón,67354,69372
2009,22,Chaco,40 a 49,Mujer,56081,57024
2009,22,Chaco,40 a 49,Varón,54238,54585
2009,22,Chaco,50 a 59,Mujer,43838,46895
2009,22,Chaco,50 a 59,Varón,43992,46393
2009,22,Chaco,60 a 69,Mujer,29522,30197
2009,22,Chaco,60 a 69,Varón,27481,28363
2009,22,Chaco,70 a 79,Mujer,18590,19348
2009,22,Chaco,70 a 79,Varón,14454,14901
2009,22,Chaco,80+,Mujer,8401,9522
2009,22,Chaco,80+,Varón,5009,5387
2009,26,Chubut,20 a 29,Mujer,40877,42389
2009,26,Chubut,20 a 29,Varón,42054,43610
2009,26,Chubut,30 a 39,Mujer,37072,39840
2009,26,Chubut,30 a 39,Varón,37630,40267
2009,26,Chubut,40 a 49,Mujer,28850,29772
2009,26,Chubut,40 a 49,Varón,28910,29672
2009,26,Chubut,50 a 59,Mujer,22240,23882
2009,26,Chubut,50 a 59,Varón,22316,23664
2009,26,Chubut,60 a 69,Mujer,14901,15826
2009,26,Chubut,60 a 69,Varón,14094,14818
2009,26,Chubut,70 a 79,Mujer,8932,9450
2009,26,Chubut,70 a 79,Varón,7087,7371
2009,26,Chubut,80+,Mujer,4316,5019
2009,26,Chubut,80+,Varón,2489,2895
2009,30,Entre Ríos,20 a 29,Mujer,96028,96909
2009,30,Entre Ríos,20 a 29,Varón,96516,96982
2009,30,Entre Ríos,30 a 39,Mujer,84671,87514
2009,30,Entre Ríos,30 a 39,Varón,83761,85955
2009,30,Entre Ríos,40 a 49,Mujer,70800,71491
2009,30,Entre Ríos,40 a 49,Varón,68539,69152
2009,30,Entre Ríos,50 a 59,Mujer,61296,63047
2009,30,Entre Ríos,50 a 59,Varón,58395,59561
2009,30,Entre Ríos,60 a 69,Mujer,47976,49040
2009,30,Entre Ríos,60 a 69,Varón,42064,43292
2009,30,Entre Ríos,70 a 79,Mujer,33607,34040
2009,30,Entre Ríos,70 a 79,Varón,23178,23658
2009,30,Entre Ríos,80+,Mujer,18919,20414
2009,30,Entre Ríos,80+,Varón,8691,9110
2009,34,Formosa,20 a 29,Mujer,41688,42487
2009,34,Formosa,20 a 29,Varón,40264,40743
2009,34,Formosa,30 a 39,Mujer,34840,36130
2009,34,Formosa,30 a 39,Varón,33036,33863
2009,34,Formosa,40 a 49,Mujer,28494,29285
2009,34,Formosa,40 a 49,Varón,28146,28734
2009,34,Formosa,50 a 59,Mujer,21787,23824
2009,34,Formosa,50 a 59,Varón,22127,23753
2009,34,Formosa,60 a 69,Mujer,14296,15229
2009,34,Formosa,60 a 69,Varón,14166,15005
2009,34,Formosa,70 a 79,Mujer,8479,9104
2009,34,Formosa,70 a 79,Varón,7776,8277
2009,34,Formosa,80+,Mujer,3713,4395
2009,34,Formosa,80+,Varón,2834,3182
2009,38,Jujuy,20 a 29,Mujer,55390,55798
2009,38,Jujuy,20 a 29,Varón,54310,54632
2009,38,Jujuy,30 a 39,Mujer,47444,50276
2009,38,Jujuy,30 a 39,Varón,45775,48444
2009,38,Jujuy,40 a 49,Mujer,35964,36662
2009,38,Jujuy,40 a 49,Varón,33269,33957
2009,38,Jujuy,50 a 59,Mujer,28725,30305
2009,38,Jujuy,50 a 59,Varón,26432,27572
2009,38,Jujuy,60 a 69,Mujer,19804,20904
2009,38,Jujuy,60 a 69,Varón,17936,18701
2009,38,Jujuy,70 a 79,Mujer,11475,12149
2009,38,Jujuy,70 a 79,Varón,9693,10165
2009,38,Jujuy,80+,Mujer,4989,5755
2009,38,Jujuy,80+,Varón,3177,3646
2009,42,La Pampa,20 a 29,Mujer,23924,24110
2009,42,La Pampa,20 a 29,Varón,24634,24726
2009,42,La Pampa,30 a 39,Mujer,22238,22759
2009,42,La Pampa,30 a 39,Varón,22261,22690
2009,42,La Pampa,40 a 49,Mujer,19139,19422
2009,42,La Pampa,40 a 49,Varón,19081,19218
2009,42,La Pampa,50 a 59,Mujer,16249,16594
2009,42,La Pampa,50 a 59,Varón,16460,16721
2009,42,La Pampa,60 a 69,Mujer,12912,13333
2009,42,La Pampa,60 a 69,Varón,12364,12709
2009,42,La Pampa,70 a 79,Mujer,8823,9000
2009,42,La Pampa,70 a 79,Varón,7021,7219
2009,42,La Pampa,80+,Mujer,5112,5636
2009,42,La Pampa,80+,Varón,2779,2983
2009,46,La Rioja,20 a 29,Mujer,28722,29323
2009,46,La Rioja,20 a 29,Varón,28644,29077
2009,46,La Rioja,30 a 39,Mujer,23600,25216
2009,46,La Rioja,30 a 39,Varón,23520,24770
2009,46,La Rioja,40 a 49,Mujer,17824,18410
2009,46,La Rioja,40 a 49,Varón,17906,18365
2009,46,La Rioja,50 a 59,Mujer,13794,14788
2009,46,La Rioja,50 a 59,Varón,14060,14992
2009,46,La Rioja,60 a 69,Mujer,9403,9898
2009,46,La Rioja,60 a 69,Varón,8938,9589
2009,46,La Rioja,70 a 79,Mujer,5858,6094
2009,46,La Rioja,70 a 79,Varón,4647,4781
2009,46,La Rioja,80+,Mujer,2975,3380
2009,46,La Rioja,80+,Varón,1804,1961
2009,50,Mendoza,20 a 29,Mujer,141701,143248
2009,50,Mendoza,20 a 29,Varón,143541,145120
2009,50,Mendoza,30 a 39,Mujer,120322,125410
2009,50,Mendoza,30 a 39,Varón,116324,121617
2009,50,Mendoza,40 a 49,Mujer,97788,98351
2009,50,Mendoza,40 a 49,Varón,91001,91765
2009,50,Mendoza,50 a 59,Mujer,87556,89524
2009,50,Mendoza,50 a 59,Varón,79399,81164
2009,50,Mendoza,60 a 69,Mujer,68665,71371
2009,50,Mendoza,60 a 69,Varón,59138,61455
2009,50,Mendoza,70 a 79,Mujer,45336,46000
2009,50,Mendoza,70 a 79,Varón,34127,34677
2009,50,Mendoza,80+,Mujer,23700,26795
2009,50,Mendoza,80+,Varón,13291,14861
2009,54,Misiones,20 a 29,Mujer,86986,89578
2009,54,Misiones,20 a 29,Varón,85098,87159
2009,54,Misiones,30 a 39,Mujer,70285,73199
2009,54,Misiones,30 a 39,Varón,68536,70912
2009,54,Misiones,40 a 49,Mujer,56041,57850
2009,54,Misiones,40 a 49,Varón,55787,56999
2009,54,Misiones,50 a 59,Mujer,41308,45071
2009,54,Misiones,50 a 59,Varón,42711,46123
2009,54,Misiones,60 a 69,Mujer,27052,28340
2009,54,Misiones,60 a 69,Varón,26831,28054
2009,54,Misiones,70 a 79,Mujer,16041,17107
2009,54,Misiones,70 a 79,Varón,14144,14890
2009,54,Misiones,80+,Mujer,6955,7965
2009,54,Misiones,80+,Varón,4849,5466
2009,58,Neuquén,20 a 29,Mujer,46392,47321
2009,58,Neuquén,20 a 29,Varón,46778,47728
2009,58,Neuquén,30 a 39,Mujer,42908,45041
2009,58,Neuquén,30 a 39,Varón,42033,43939
2009,58,Neuquén,40 a 49,Mujer,33583,34847
2009,58,Neuquén,40 a 49,Varón,32424,33300
2009,58,Neuquén,50 a 59,Mujer,24458,26677
2009,58,Neuquén,50 a 59,Varón,24244,25989
2009,58,Neuquén,60 a 69,Mujer,15138,16656
2009,58,Neuquén,60 a 69,Varón,14564,15937
2009,58,Neuquén,70 a 79,Mujer,8376,9002
2009,58,Neuquén,70 a 79,Varón,6803,7371
2009,58,Neuquén,80+,Mujer,3974,4648
2009,58,Neuquén,80+,Varón,2281,2663
2009,62,Río Negro,20 a 29,Mujer,49862,50867
2009,62,Río Negro,20 a 29,Varón,50521,51658
2009,62,Río Negro,30 a 39,Mujer,46292,48271
2009,62,Río Negro,30 a 39,Varón,45226,47076
2009,62,Río Negro,40 a 49,Mujer,37933,38720
2009,62,Río Negro,40 a 49,Varón,36805,37436
2009,62,Río Negro,50 a 59,Mujer,30103,31683
2009,62,Río Negro,50 a 59,Varón,29747,30913
2009,62,Río Negro,60 a 69,Mujer,21018,22299
2009,62,Río Negro,60 a 69,Varón,20183,21326
2009,62,Río Negro,70 a 79,Mujer,12577,13149
2009,62,Río Negro,70 a 79,Varón,10577,11056
2009,62,Río Negro,80+,Mujer,6335,7326
2009,62,Río Negro,80+,Varón,3811,4361
2009,66,Salta,20 a 29,Mujer,99514,101105
2009,66,Salta,20 a 29,Varón,97031,98520
2009,66,Salta,30 a 39,Mujer,81995,86456
2009,66,Salta,30 a 39,Varón,78498,81823
2009,66,Salta,40 a 49,Mujer,62120,63821
2009,66,Salta,40 a 49,Varón,59635,61078
2009,66,Salta,50 a 59,Mujer,48488,51141
2009,66,Salta,50 a 59,Varón,46101,48303
2009,66,Salta,60 a 69,Mujer,33486,35343
2009,66,Salta,60 a 69,Varón,30879,32303
2009,66,Salta,70 a 79,Mujer,20116,21135
2009,66,Salta,70 a 79,Varón,17030,17844
2009,66,Salta,80+,Mujer,9400,10795
2009,66,Salta,80+,Varón,6075,6793
2009,70,San Juan,20 a 29,Mujer,53827,53972
2009,70,San Juan,20 a 29,Varón,54811,55025
2009,70,San Juan,30 a 39,Mujer,46797,48706
2009,70,San Juan,30 a 39,Varón,45918,48157
2009,70,San Juan,40 a 49,Mujer,37496,37731
2009,70,San Juan,40 a 49,Varón,34950,35454
2009,70,San Juan,50 a 59,Mujer,32838,33620
2009,70,San Juan,50 a 59,Varón,29496,30064
2009,70,San Juan,60 a 69,Mujer,24848,25952
2009,70,San Juan,60 a 69,Varón,21216,22262
2009,70,San Juan,70 a 79,Mujer,15110,15390
2009,70,San Juan,70 a 79,Varón,11370,11510
2009,70,San Juan,80+,Mujer,6933,7860
2009,70,San Juan,80+,Varón,4030,4512
2009,74,San Luis,20 a 29,Mujer,33730,34465
2009,74,San Luis,20 a 29,Varón,33596,34071
2009,74,San Luis,30 a 39,Mujer,30103,32029
2009,74,San Luis,30 a 39,Varón,30386,31792
2009,74,San Luis,40 a 49,Mujer,24082,24863
2009,74,San Luis,40 a 49,Varón,24176,24976
2009,74,San Luis,50 a 59,Mujer,19886,20990
2009,74,San Luis,50 a 59,Varón,19637,20512
2009,74,San Luis,60 a 69,Mujer,14711,15775
2009,74,San Luis,60 a 69,Varón,13703,14590
2009,74,San Luis,70 a 79,Mujer,9102,9507
2009,74,San Luis,70 a 79,Varón,7159,7553
2009,74,San Luis,80+,Mujer,4685,5366
2009,74,San Luis,80+,Varón,2548,2829
2009,78,Santa Cruz,20 a 29,Mujer,21069,23140
2009,78,Santa Cruz,20 a 29,Varón,22998,25478
2009,78,Santa Cruz,30 a 39,Mujer,19687,21647
2009,78,Santa Cruz,30 a 39,Varón,21146,23588
2009,78,Santa Cruz,40 a 49,Mujer,14459,15297
2009,78,Santa Cruz,40 a 49,Varón,15793,16602
2009,78,Santa Cruz,50 a 59,Mujer,9866,10995
2009,78,Santa Cruz,50 a 59,Varón,10988,12131
2009,78,Santa Cruz,60 a 69,Mujer,6107,6600
2009,78,Santa Cruz,60 a 69,Varón,6160,6458
2009,78,Santa Cruz,70 a 79,Mujer,3196,3512
2009,78,Santa Cruz,70 a 79,Varón,2862,3061
2009,78,Santa Cruz,80+,Mujer,1268,1495
2009,78,Santa Cruz,80+,Varón,826,984
2009,82,Santa Fe,20 a 29,Mujer,263351,266632
2009,82,Santa Fe,20 a 29,Varón,264798,267420
2009,82,Santa Fe,30 a 39,Mujer,225272,233915
2009,82,Santa Fe,30 a 39,Varón,222325,229648
2009,82,Santa Fe,40 a 49,Mujer,186389,187158
2009,82,Santa Fe,40 a 49,Varón,178913,179642
2009,82,Santa Fe,50 a 59,Mujer,167428,170349
2009,82,Santa Fe,50 a 59,Varón,156119,158752
2009,82,Santa Fe,60 a 69,Mujer,135677,136948
2009,82,Santa Fe,60 a 69,Varón,115392,116654
2009,82,Santa Fe,70 a 79,Mujer,101005,100858
2009,82,Santa Fe,70 a 79,Varón,69807,69911
2009,82,Santa Fe,80+,Mujer,62226,67309
2009,82,Santa Fe,80+,Varón,28896,30934
2009,86,Santiago del Estero,20 a 29,Mujer,68974,69691
2009,86,Santiago del Estero,20 a 29,Varón,68163,68355
2009,86,Santiago del Estero,30 a 39,Mujer,56358,59949
2009,86,Santiago del Estero,30 a 39,Varón,55885,58360
2009,86,Santiago del Estero,40 a 49,Mujer,42070,42626
2009,86,Santiago del Estero,40 a 49,Varón,42780,43299
2009,86,Santiago del Estero,50 a 59,Mujer,34733,36278
2009,86,Santiago del Estero,50 a 59,Varón,35507,36907
2009,86,Santiago del Estero,60 a 69,Mujer,25169,25781
2009,86,Santiago del Estero,60 a 69,Varón,24163,25040
2009,86,Santiago del Estero,70 a 79,Mujer,16450,16769
2009,86,Santiago del Estero,70 a 79,Varón,13240,13548
2009,86,Santiago del Estero,80+,Mujer,8652,9462
2009,86,Santiago del Estero,80+,Varón,5225,5468
2009,90,Tucumán,20 a 29,Mujer,122882,123888
2009,90,Tucumán,20 a 29,Varón,121836,122597
2009,90,Tucumán,30 a 39,Mujer,100727,106238
2009,90,Tucumán,30 a 39,Varón,98031,103095
2009,90,Tucumán,40 a 49,Mujer,77768,77831
2009,90,Tucumán,40 a 49,Varón,73560,73627
2009,90,Tucumán,50 a 59,Mujer,67767,71659
2009,90,Tucumán,50 a 59,Varón,64148,67333
2009,90,Tucumán,60 a 69,Mujer,47095,48885
2009,90,Tucumán,60 a 69,Varón,42046,44157
2009,90,Tucumán,70 a 79,Mujer,30140,30700
2009,90,Tucumán,70 a 79,Varón,22356,22656
2009,90,Tucumán,80+,Mujer,14871,16936
2009,90,Tucumán,80+,Varón,8534,9437
2009,94,Tierra del Fuego,20 a 29,Mujer,10133,10947
2009,94,Tierra del Fuego,20 a 29,Varón,10582,11579
2009,94,Tierra del Fuego,30 a 39,Mujer,10101,10584
2009,94,Tierra del Fuego,30 a 39,Varón,10465,10983
2009,94,Tierra del Fuego,40 a 49,Mujer,8133,8665
2009,94,Tierra del Fuego,40 a 49,Varón,8587,8932
2009,94,Tierra del Fuego,50 a 59,Mujer,4817,5910
2009,94,Tierra del Fuego,50 a 59,Varón,5529,6577
2009,94,Tierra del Fuego,60 a 69,Mujer,2316,2677
2009,94,Tierra del Fuego,60 a 69,Varón,2355,2766
2009,94,Tierra del Fuego,70 a 79,Mujer,1066,1193
2009,94,Tierra del Fuego,70 a 79,Varón,877,989
2009,94,Tierra del Fuego,80+,Mujer,359,532
2009,94,Tierra del Fuego,80+,Varón,211,268
2013,02,CABA,20 a 29,Mujer,231195,239187
2013,02,CABA,20 a 29,Varón,221356,228216
2013,02,CABA,30 a 39,Mujer,240272,236079
2013,02,CABA,30 a 39,Varón,227679,222466
2013,02,CABA,40 a 49,Mujer,193684,185857
2013,02,CABA,40 a 49,Varón,174137,164611
2013,02,CABA,50 a 59,Mujer,179975,181273
2013,02,CABA,50 a 59,Varón,147560,146892
2013,02,CABA,60 a 69,Mujer,162666,159298
2013,02,CABA,60 a 69,Varón,119715,116896
2013,02,CABA,70 a 79,Mujer,123707,121928
2013,02,CABA,70 a 79,Varón,76815,75226
2013,02,CABA,80+,Mujer,101073,101710
2013,02,CABA,80+,Varón,43536,43137
2013,06,Buenos Aires,20 a 29,Mujer,1276575,1241994
2013,06,Buenos Aires,20 a 29,Varón,1289192,1248067
2013,06,Buenos Aires,30 a 39,Mujer,1195875,1148888
2013,06,Buenos Aires,30 a 39,Varón,1178324,1126881
2013,06,Buenos Aires,40 a 49,Mujer,973006,927339
2013,06,Buenos Aires,40 a 49,Varón,935008,887183
2013,06,Buenos Aires,50 a 59,Mujer,838831,811446
2013,06,Buenos Aires,50 a 59,Varón,776431,749592
2013,06,Buenos Aires,60 a 69,Mujer,681622,635955
2013,06,Buenos Aires,60 a 69,Varón,584922,547287
2013,06,Buenos Aires,70 a 79,Mujer,452370,436264
2013,06,Buenos Aires,70 a 79,Varón,324992,311545
2013,06,Buenos Aires,80+,Mujer,291747,273339
2013,06,Buenos Aires,80+,Varón,140751,131209
2013,10,Catamarca,20 a 29,Mujer,30556,29528
2013,10,Catamarca,20 a 29,Varón,31502,30082
2013,10,Catamarca,30 a 39,Mujer,28335,27059
2013,10,Catamarca,30 a 39,Varón,28197,26979
2013,10,Catamarca,40 a 49,Mujer,21393,19839
2013,10,Catamarca,40 a 49,Varón,21345,19917
2013,10,Catamarca,50 a 59,Mujer,17440,16648
2013,10,Catamarca,50 a 59,Varón,17425,16734
2013,10,Catamarca,60 a 69,Mujer,12992,11676
2013,10,Catamarca,60 a 69,Varón,12349,10994
2013,10,Catamarca,70 a 79,Mujer,7841,7390
2013,10,Catamarca,70 a 79,Varón,6234,5693
2013,10,Catamarca,80+,Mujer,4901,4389
2013,10,Catamarca,80+,Varón,2645,2409
2013,14,Córdoba,20 a 29,Mujer,282339,272518
2013,14,Córdoba,20 a 29,Varón,283662,272371
2013,14,Córdoba,30 a 39,Mujer,256118,241886
2013,14,Córdoba,30 a 39,Varón,253675,238386
2013,14,Córdoba,40 a 49,Mujer,202309,194566
2013,14,Córdoba,40 a 49,Varón,193242,185136
2013,14,Córdoba,50 a 59,Mujer,179037,173796
2013,14,Córdoba,50 a 59,Varón,165564,159777
2013,14,Córdoba,60 a 69,Mujer,151861,142743
2013,14,Córdoba,60 a 69,Varón,128943,121542
2013,14,Córdoba,70 a 79,Mujer,102568,97928
2013,14,Córdoba,70 a 79,Varón,73885,70161
2013,14,Córdoba,80+,Mujer,64509,60672
2013,14,Córdoba,80+,Varón,31092,29155
2013,18,Corrientes,20 a 29,Mujer,89284,83699
2013,18,Corrientes,20 a 29,Varón,87042,80733
2013,18,Corrientes,30 a 39,Mujer,71365,68400
2013,18,Corrientes,30 a 39,Varón,67171,64105
2013,18,Corrientes,40 a 49,Mujer,57420,55919
2013,18,Corrientes,40 a 49,Varón,53819,52960
2013,18,Corrientes,50 a 59,Mujer,49565,46871
2013,18,Corrientes,50 a 59,Varón,47477,45808
2013,18,Corrientes,60 a 69,Mujer,35313,32062
2013,18,Corrientes,60 a 69,Varón,33477,30149
2013,18,Corrientes,70 a 79,Mujer,21816,20508
2013,18,Corrientes,70 a 79,Varón,16804,15473
2013,18,Corrientes,80+,Mujer,12227,10929
2013,18,Corrientes,80+,Varón,6752,6201
2013,22,Chaco,20 a 29,Mujer,95290,89802
2013,22,Chaco,20 a 29,Varón,93256,86810
2013,22,Chaco,30 a 39,Mujer,77820,72859
2013,22,Chaco,30 a 39,Varón,73770,69372
2013,22,Chaco,40 a 49,Mujer,59051,57024
2013,22,Chaco,40 a 49,Varón,55914,54585
2013,22,Chaco,50 a 59,Mujer,50000,46895
2013,22,Chaco,50 a 59,Varón,48480,46393
2013,22,Chaco,60 a 69,Mujer,33439,30197
2013,22,Chaco,60 a 69,Varón,31563,28363
2013,22,Chaco,70 a 79,Mujer,20485,19348
2013,22,Chaco,70 a 79,Varón,15671,14901
2013,22,Chaco,80+,Mujer,10725,9522
2013,22,Chaco,80+,Varón,5918,5387
2013,26,Chubut,20 a 29,Mujer,43428,42389
2013,26,Chubut,20 a 29,Varón,44557,43610
2013,26,Chubut,30 a 39,Mujer,43662,39840
2013,26,Chubut,30 a 39,Varón,44829,40267
2013,26,Chubut,40 a 49,Mujer,32164,29772
2013,26,Chubut,40 a 49,Varón,32068,29672
2013,26,Chubut,50 a 59,Mujer,25845,23882
2013,26,Chubut,50 a 59,Varón,25531,23664
2013,26,Chubut,60 a 69,Mujer,17917,15826
2013,26,Chubut,60 a 69,Varón,16698,14818
2013,26,Chubut,70 a 79,Mujer,10453,9450
2013,26,Chubut,70 a 79,Varón,8181,7371
2013,26,Chubut,80+,Mujer,5789,5019
2013,26,Chubut,80+,Varón,3249,2895
2013,30,Entre Ríos,20 a 29,Mujer,100100,96909
2013,30,Entre Ríos,20 a 29,Varón,101045,96982
2013,30,Entre Ríos,30 a 39,Mujer,92169,87514
2013,30,Entre Ríos,30 a 39,Varón,90355,85955
2013,30,Entre Ríos,40 a 49,Mujer,74200,71491
2013,30,Entre Ríos,40 a 49,Varón,72242,69152
2013,30,Entre Ríos,50 a 59,Mujer,65666,63047
2013,30,Entre Ríos,50 a 59,Varón,61378,59561
2013,30,Entre Ríos,60 a 69,Mujer,52422,49040
2013,30,Entre Ríos,60 a 69,Varón,46318,43292
2013,30,Entre Ríos,70 a 79,Mujer,35680,34040
2013,30,Entre Ríos,70 a 79,Varón,25621,23658
2013,30,Entre Ríos,80+,Mujer,22085,20414
2013,30,Entre Ríos,80+,Varón,9807,9110
2013,34,Formosa,20 a 29,Mujer,45413,42487
2013,34,Formosa,20 a 29,Varón,44519,40743
2013,34,Formosa,30 a 39,Mujer,37394,36130
2013,34,Formosa,30 a 39,Varón,34757,33863
2013,34,Formosa,40 a 49,Mujer,30478,29285
2013,34,Formosa,40 a 49,Varón,29269,28734
2013,34,Formosa,50 a 59,Mujer,25412,23824
2013,34,Formosa,50 a 59,Varón,25121,23753
2013,34,Formosa,60 a 69,Mujer,17097,15229
2013,34,Formosa,60 a 69,Varón,16607,15005
2013,34,Formosa,70 a 79,Mujer,10055,9104
2013,34,Formosa,70 a 79,Varón,8959,8277
2013,34,Formosa,80+,Mujer,5024,4395
2013,34,Formosa,80+,Varón,3646,3182
2013,38,Jujuy,20 a 29,Mujer,58102,55798
2013,38,Jujuy,20 a 29,Varón,57355,54632
2013,38,Jujuy,30 a 39,Mujer,53290,50276
2013,38,Jujuy,30 a 39,Varón,51539,48444
2013,38,Jujuy,40 a 49,Mujer,39613,36662
2013,38,Jujuy,40 a 49,Varón,36985,33957
2013,38,Jujuy,50 a 59,Mujer,31923,30305
2013,38,Jujuy,50 a 59,Varón,28689,27572
2013,38,Jujuy,60 a 69,Mujer,23210,20904
2013,38,Jujuy,60 a 69,Varón,20581,18701
2013,38,Jujuy,70 a 79,Mujer,13364,12149
2013,38,Jujuy,70 a 79,Varón,11011,10165
2013,38,Jujuy,80+,Mujer,6693,5755
2013,38,Jujuy,80+,Varón,4229,3646
2013,42,La Pampa,20 a 29,Mujer,24926,24110
2013,42,La Pampa,20 a 29,Varón,25666,24726
2013,42,La Pampa,30 a 39,Mujer,23819,22759
2013,42,La Pampa,30 a 39,Varón,23764,22690
2013,42,La Pampa,40 a 49,Mujer,20131,19422
2013,42,La Pampa,40 a 49,Varón,19749,19218
2013,42,La Pampa,50 a 59,Mujer,17373,16594
2013,42,La Pampa,50 a 59,Varón,17304,16721
2013,42,La Pampa,60 a 69,Mujer,14073,13333
2013,42,La Pampa,60 a 69,Varón,13471,12709
2013,42,La Pampa,70 a 79,Mujer,9612,9000
2013,42,La Pampa,70 a 79,Varón,7774,7219
2013,42,La Pampa,80+,Mujer,6036,5636
2013,42,La Pampa,80+,Varón,3313,2983
2013,46,La Rioja,20 a 29,Mujer,31754,29323
2013,46,La Rioja,20 a 29,Varón,31644,29077
2013,46,La Rioja,30 a 39,Mujer,27063,25216
2013,46,La Rioja,30 a 39,Varón,26646,24770
2013,46,La Rioja,40 a 49,Mujer,19653,18410
2013,46,La Rioja,40 a 49,Varón,19463,18365
2013,46,La Rioja,50 a 59,Mujer,15865,14788
2013,46,La Rioja,50 a 59,Varón,15908,14992
2013,46,La Rioja,60 a 69,Mujer,11200,9898
2013,46,La Rioja,60 a 69,Varón,10813,9589
2013,46,La Rioja,70 a 79,Mujer,6565,6094
2013,46,La Rioja,70 a 79,Varón,5270,4781
2013,46,La Rioja,80+,Mujer,3825,3380
2013,46,La Rioja,80+,Varón,2150,1961
2013,50,Mendoza,20 a 29,Mujer,149598,143248
2013,50,Mendoza,20 a 29,Varón,152194,145120
2013,50,Mendoza,30 a 39,Mujer,131942,125410
2013,50,Mendoza,30 a 39,Varón,129472,121617
2013,50,Mendoza,40 a 49,Mujer,103781,98351
2013,50,Mendoza,40 a 49,Varón,97622,91765
2013,50,Mendoza,50 a 59,Mujer,90875,89524
2013,50,Mendoza,50 a 59,Varón,82472,81164
2013,50,Mendoza,60 a 69,Mujer,77034,71371
2013,50,Mendoza,60 a 69,Varón,66004,61455
2013,50,Mendoza,70 a 79,Mujer,48940,46000
2013,50,Mendoza,70 a 79,Varón,36907,34677
2013,50,Mendoza,80+,Mujer,29364,26795
2013,50,Mendoza,80+,Varón,16331,14861
2013,54,Misiones,20 a 29,Mujer,95733,89578
2013,54,Misiones,20 a 29,Varón,94086,87159
2013,54,Misiones,30 a 39,Mujer,77669,73199
2013,54,Misiones,30 a 39,Varón,74918,70912
2013,54,Misiones,40 a 49,Mujer,60388,57850
2013,54,Misiones,40 a 49,Varón,58660,56999
2013,54,Misiones,50 a 59,Mujer,49119,45071
2013,54,Misiones,50 a 59,Varón,49552,46123
2013,54,Misiones,60 a 69,Mujer,31919,28340
2013,54,Misiones,60 a 69,Varón,31404,28054
2013,54,Misiones,70 a 79,Mujer,18574,17107
2013,54,Misiones,70 a 79,Varón,15985,14890
2013,54,Misiones,80+,Mujer,9390,7965
2013,54,Misiones,80+,Varón,6096,5466
2013,58,Neuquén,20 a 29,Mujer,48606,47321
2013,58,Neuquén,20 a 29,Varón,49746,47728
2013,58,Neuquén,30 a 39,Mujer,47340,45041
2013,58,Neuquén,30 a 39,Varón,46210,43939
2013,58,Neuquén,40 a 49,Mujer,37299,34847
2013,58,Neuquén,40 a 49,Varón,35632,33300
2013,58,Neuquén,50 a 59,Mujer,29166,26677
2013,58,Neuquén,50 a 59,Varón,27872,25989
2013,58,Neuquén,60 a 69,Mujer,19280,16656
2013,58,Neuquén,60 a 69,Varón,18188,15937
2013,58,Neuquén,70 a 79,Mujer,10220,9002
2013,58,Neuquén,70 a 79,Varón,8416,7371
2013,58,Neuquén,80+,Mujer,5424,4648
2013,58,Neuquén,80+,Varón,3096,2663
2013,62,Río Negro,20 a 29,Mujer,52777,50867
2013,62,Río Negro,20 a 29,Varón,54111,51658
2013,62,Río Negro,30 a 39,Mujer,51577,48271
2013,62,Río Negro,30 a 39,Varón,50384,47076
2013,62,Río Negro,40 a 49,Mujer,40844,38720
2013,62,Río Negro,40 a 49,Varón,39743,37436
2013,62,Río Negro,50 a 59,Mujer,33839,31683
2013,62,Río Negro,50 a 59,Varón,32649,30913
2013,62,Río Negro,60 a 69,Mujer,24811,22299
2013,62,Río Negro,60 a 69,Varón,23591,21326
2013,62,Río Negro,70 a 79,Mujer,14447,13149
2013,62,Río Negro,70 a 79,Varón,12251,11056
2013,62,Río Negro,80+,Mujer,8250,7326
2013,62,Río Negro,80+,Varón,5005,4361
2013,66,Salta,20 a 29,Mujer,107371,101105
2013,66,Salta,20 a 29,Varón,105826,98520
2013,66,Salta,30 a 39,Mujer,91800,86456
2013,66,Salta,30 a 39,Varón,86879,81823
2013,66,Salta,40 a 49,Mujer,68616,63821
2013,66,Salta,40 a 49,Varón,65223,61078
2013,66,Salta,50 a 59,Mujer,54109,51141
2013,66,Salta,50 a 59,Varón,50921,48303
2013,66,Salta,60 a 69,Mujer,39277,35343
2013,66,Salta,60 a 69,Varón,35492,32303
2013,66,Salta,70 a 79,Mujer,23019,21135
2013,66,Salta,70 a 79,Varón,19212,17844
2013,66,Salta,80+,Mujer,12357,10795
2013,66,Salta,80+,Varón,7703,6793
2013,70,San Juan,20 a 29,Mujer,56758,53972
2013,70,San Juan,20 a 29,Varón,57995,55025
2013,70,San Juan,30 a 39,Mujer,50791,48706
2013,70,San Juan,30 a 39,Varón,50686,48157
2013,70,San Juan,40 a 49,Mujer,40179,37731
2013,70,San Juan,40 a 49,Varón,38213,35454
2013,70,San Juan,50 a 59,Mujer,34391,33620
2013,70,San Juan,50 a 59,Varón,30850,30064
2013,70,San Juan,60 a 69,Mujer,28127,25952
2013,70,San Juan,60 a 69,Varón,24067,22262
2013,70,San Juan,70 a 79,Mujer,16734,15390
2013,70,San Juan,70 a 79,Varón,12517,11510
2013,70,San Juan,80+,Mujer,8674,7860
2013,70,San Juan,80+,Varón,4971,4512
2013,74,San Luis,20 a 29,Mujer,36079,34465
2013,74,San Luis,20 a 29,Varón,36059,34071
2013,74,San Luis,30 a 39,Mujer,34082,32029
2013,74,San Luis,30 a 39,Varón,33568,31792
2013,74,San Luis,40 a 49,Mujer,26298,24863
2013,74,San Luis,40 a 49,Varón,26494,24976
2013,74,San Luis,50 a 59,Mujer,22202,20990
2013,74,San Luis,50 a 59,Varón,21659,20512
2013,74,San Luis,60 a 69,Mujer,17368,15775
2013,74,San Luis,60 a 69,Varón,16056,14590
2013,74,San Luis,70 a 79,Mujer,10528,9507
2013,74,San Luis,70 a 79,Varón,8385,7553
2013,74,San Luis,80+,Mujer,6056,5366
2013,74,San Luis,80+,Varón,3253,2829
2013,78,Santa Cruz,20 a 29,Mujer,24463,23140
2013,78,Santa Cruz,20 a 29,Varón,26425,25478
2013,78,Santa Cruz,30 a 39,Mujer,24972,21647
2013,78,Santa Cruz,30 a 39,Varón,27352,23588
2013,78,Santa Cruz,40 a 49,Mujer,16957,15297
2013,78,Santa Cruz,40 a 49,Varón,18403,16602
2013,78,Santa Cruz,50 a 59,Mujer,12367,10995
2013,78,Santa Cruz,50 a 59,Varón,13654,12131
2013,78,Santa Cruz,60 a 69,Mujer,7572,6600
2013,78,Santa Cruz,60 a 69,Varón,7544,6458
2013,78,Santa Cruz,70 a 79,Mujer,4008,3512
2013,78,Santa Cruz,70 a 79,Varón,3341,3061
2013,78,Santa Cruz,80+,Mujer,1822,1495
2013,78,Santa Cruz,80+,Varón,1164,984
2013,82,Santa Fe,20 a 29,Mujer,271443,266632
2013,82,Santa Fe,20 a 29,Varón,272361,267420
2013,82,Santa Fe,30 a 39,Mujer,250125,233915
2013,82,Santa Fe,30 a 39,Varón,247140,229648
2013,82,Santa Fe,40 a 49,Mujer,192383,187158
2013,82,Santa Fe,40 a 49,Varón,185145,179642
2013,82,Santa Fe,50 a 59,Mujer,175103,170349
2013,82,Santa Fe,50 a 59,Varón,162581,158752
2013,82,Santa Fe,60 a 69,Mujer,145007,136948
2013,82,Santa Fe,60 a 69,Varón,123644,116654
2013,82,Santa Fe,70 a 79,Mujer,102824,100858
2013,82,Santa Fe,70 a 79,Varón,71894,69911
2013,82,Santa Fe,80+,Mujer,70990,67309
2013,82,Santa Fe,80+,Varón,32409,30934
2013,86,Santiago del Estero,20 a 29,Mujer,73183,69691
2013,86,Santiago del Estero,20 a 29,Varón,72528,68355
2013,86,Santiago del Estero,30 a 39,Mujer,64115,59949
2013,86,Santiago del Estero,30 a 39,Varón,61286,58360
2013,86,Santiago del Estero,40 a 49,Mujer,45743,42626
2013,86,Santiago del Estero,40 a 49,Varón,45999,43299
2013,86,Santiago del Estero,50 a 59,Mujer,37700,36278
2013,86,Santiago del Estero,50 a 59,Varón,37800,36907
2013,86,Santiago del Estero,60 a 69,Mujer,28116,25781
2013,86,Santiago del Estero,60 a 69,Varón,27428,25040
2013,86,Santiago del Estero,70 a 79,Mujer,17772,16769
2013,86,Santiago del Estero,70 a 79,Varón,14470,13548
2013,86,Santiago del Estero,80+,Mujer,10276,9462
2013,86,Santiago del Estero,80+,Varón,5840,5468
2013,90,Tucumán,20 a 29,Mujer,130324,123888
2013,90,Tucumán,20 a 29,Varón,129407,122597
2013,90,Tucumán,30 a 39,Mujer,114025,106238
2013,90,Tucumán,30 a 39,Varón,110977,103095
2013,90,Tucumán,40 a 49,Mujer,81699,77831
2013,90,Tucumán,40 a 49,Varón,77742,73627
2013,90,Tucumán,50 a 59,Mujer,73608,71659
2013,90,Tucumán,50 a 59,Varón,68065,67333
2013,90,Tucumán,60 a 69,Mujer,55046,48885
2013,90,Tucumán,60 a 69,Varón,50045,44157
2013,90,Tucumán,70 a 79,Mujer,32002,30700
2013,90,Tucumán,70 a 79,Varón,24042,22656
2013,90,Tucumán,80+,Mujer,18943,16936
2013,90,Tucumán,80+,Varón,10336,9437
2013,94,Tierra del Fuego,20 a 29,Mujer,11746,10947
2013,94,Tierra del Fuego,20 a 29,Varón,12342,11579
2013,94,Tierra del Fuego,30 a 39,Mujer,11976,10584
2013,94,Tierra del Fuego,30 a 39,Varón,12647,10983
2013,94,Tierra del Fuego,40 a 49,Mujer,9209,8665
2013,94,Tierra del Fuego,40 a 49,Varón,9295,8932
2013,94,Tierra del Fuego,50 a 59,Mujer,7039,5910
2013,94,Tierra del Fuego,50 a 59,Varón,7676,6577
2013,94,Tierra del Fuego,60 a 69,Mujer,3368,2677
2013,94,Tierra del Fuego,60 a 69,Varón,3545,2766
2013,94,Tierra del Fuego,70 a 79,Mujer,1378,1193
2013,94,Tierra del Fuego,70 a 79,Varón,1181,989
2013,94,Tierra del Fuego,80+,Mujer,642,532
2013,94,Tierra del Fuego,80+,Varón,333,268
2018,02,CABA,20 a 29,Mujer,211448,239187
2018,02,CABA,20 a 29,Varón,205208,228216
2018,02,CABA,30 a 39,Mujer,240524,236079
2018,02,CABA,30 a 39,Varón,228605,222466
2018,02,CABA,40 a 49,Mujer,214839,185857
2018,02,CABA,40 a 49,Varón,197434,164611
2018,02,CABA,50 a 59,Mujer,175535,181273
2018,02,CABA,50 a 59,Varón,147816,146892
2018,02,CABA,60 a 69,Mujer,166249,159298
2018,02,CABA,60 a 69,Varón,123952,116896
2018,02,CABA,70 a 79,Mujer,131497,121928
2018,02,CABA,70 a 79,Varón,82529,75226
2018,02,CABA,80+,Mujer,100797,101710
2018,02,CABA,80+,Varón,44205,43137
2018,06,Buenos Aires,20 a 29,Mujer,1294738,1241994
2018,06,Buenos Aires,20 a 29,Varón,1319505,1248067
2018,06,Buenos Aires,30 a 39,Mujer,1237236,1148888
2018,06,Buenos Aires,30 a 39,Varón,1231019,1126881
2018,06,Buenos Aires,40 a 49,Mujer,1095319,927339
2018,06,Buenos Aires,40 a 49,Varón,1060397,887183
2018,06,Buenos Aires,50 a 59,Mujer,882368,811446
2018,06,Buenos Aires,50 a 59,Varón,820489,749592
2018,06,Buenos Aires,60 a 69,Mujer,739724,635955
2018,06,Buenos Aires,60 a 69,Varón,635652,547287
2018,06,Buenos Aires,70 a 79,Mujer,510071,436264
2018,06,Buenos Aires,70 a 79,Varón,372278,311545
2018,06,Buenos Aires,80+,Mujer,320908,273339
2018,06,Buenos Aires,80+,Varón,156238,131209
2018,10,Catamarca,20 a 29,Mujer,33665,29528
2018,10,Catamarca,20 a 29,Varón,35320,30082
2018,10,Catamarca,30 a 39,Mujer,28089,27059
2018,10,Catamarca,30 a 39,Varón,28145,26979
2018,10,Catamarca,40 a 49,Mujer,25373,19839
2018,10,Catamarca,40 a 49,Varón,25006,19917
2018,10,Catamarca,50 a 59,Mujer,18763,16648
2018,10,Catamarca,50 a 59,Varón,18532,16734
2018,10,Catamarca,60 a 69,Mujer,14986,11676
2018,10,Catamarca,60 a 69,Varón,14316,10994
2018,10,Catamarca,70 a 79,Mujer,9226,7390
2018,10,Catamarca,70 a 79,Varón,7622,5693
2018,10,Catamarca,80+,Mujer,5643,4389
2018,10,Catamarca,80+,Varón,3096,2409
2018,14,Córdoba,20 a 29,Mujer,295302,272518
2018,14,Córdoba,20 a 29,Varón,298840,272371
2018,14,Córdoba,30 a 39,Mujer,268490,241886
2018,14,Córdoba,30 a 39,Varón,267085,238386
2018,14,Córdoba,40 a 49,Mujer,228781,194566
2018,14,Córdoba,40 a 49,Varón,221757,185136
2018,14,Córdoba,50 a 59,Mujer,187619,173796
2018,14,Córdoba,50 a 59,Varón,174531,159777
2018,14,Córdoba,60 a 69,Mujer,161600,142743
2018,14,Córdoba,60 a 69,Varón,137755,121542
2018,14,Córdoba,70 a 79,Mujer,116245,97928
2018,14,Córdoba,70 a 79,Varón,84584,70161
2018,14,Córdoba,80+,Mujer,71435,60672
2018,14,Córdoba,80+,Varón,34923,29155
2018,18,Corrientes,20 a 29,Mujer,98463,83699
2018,18,Corrientes,20 a 29,Varón,98773,80733
2018,18,Corrientes,30 a 39,Mujer,74564,68400
2018,18,Corrientes,30 a 39,Varón,70590,64105
2018,18,Corrientes,40 a 49,Mujer,63019,55919
2018,18,Corrientes,40 a 49,Varón,58348,52960
2018,18,Corrientes,50 a 59,Mujer,52513,46871
2018,18,Corrientes,50 a 59,Varón,49258,45808
2018,18,Corrientes,60 a 69,Mujer,40963,32062
2018,18,Corrientes,60 a 69,Varón,38103,30149
2018,18,Corrientes,70 a 79,Mujer,24843,20508
2018,18,Corrientes,70 a 79,Varón,20227,15473
2018,18,Corrientes,80+,Mujer,14557,10929
2018,18,Corrientes,80+,Varón,7859,6201
2018,22,Chaco,20 a 29,Mujer,106077,89802
2018,22,Chaco,20 a 29,Varón,106847,86810
2018,22,Chaco,30 a 39,Mujer,82381,72859
2018,22,Chaco,30 a 39,Varón,77666,69372
2018,22,Chaco,40 a 49,Mujer,66610,57024
2018,22,Chaco,40 a 49,Varón,62525,54585
2018,22,Chaco,50 a 59,Mujer,53131,46895
2018,22,Chaco,50 a 59,Varón,50125,46393
2018,22,Chaco,60 a 69,Mujer,40065,30197
2018,22,Chaco,60 a 69,Varón,37282,28363
2018,22,Chaco,70 a 79,Mujer,22895,19348
2018,22,Chaco,70 a 79,Varón,18008,14901
2018,22,Chaco,80+,Mujer,12940,9522
2018,22,Chaco,80+,Varón,6892,5387
2018,26,Chubut,20 a 29,Mujer,45283,42389
2018,26,Chubut,20 a 29,Varón,46906,43610
2018,26,Chubut,30 a 39,Mujer,46928,39840
2018,26,Chubut,30 a 39,Varón,48602,40267
2018,26,Chubut,40 a 49,Mujer,38922,29772
2018,26,Chubut,40 a 49,Varón,39497,29672
2018,26,Chubut,50 a 59,Mujer,28568,23882
2018,26,Chubut,50 a 59,Varón,27973,23664
2018,26,Chubut,60 a 69,Mujer,21495,15826
2018,26,Chubut,60 a 69,Varón,19928,14818
2018,26,Chubut,70 a 79,Mujer,12731,9450
2018,26,Chubut,70 a 79,Varón,10105,7371
2018,26,Chubut,80+,Mujer,7156,5019
2018,26,Chubut,80+,Varón,3909,2895
2018,30,Entre Ríos,20 a 29,Mujer,107046,96909
2018,30,Entre Ríos,20 a 29,Varón,109657,96982
2018,30,Entre Ríos,30 a 39,Mujer,95330,87514
2018,30,Entre Ríos,30 a 39,Varón,93537,85955
2018,30,Entre Ríos,40 a 49,Mujer,83518,71491
2018,30,Entre Ríos,40 a 49,Varón,81478,69152
2018,30,Entre Ríos,50 a 59,Mujer,68725,63047
2018,30,Entre Ríos,50 a 59,Varón,64504,59561
2018,30,Entre Ríos,60 a 69,Mujer,57413,49040
2018,30,Entre Ríos,60 a 69,Varón,50246,43292
2018,30,Entre Ríos,70 a 79,Mujer,40017,34040
2018,30,Entre Ríos,70 a 79,Varón,29822,23658
2018,30,Entre Ríos,80+,Mujer,24977,20414
2018,30,Entre Ríos,80+,Varón,11458,9110
2018,34,Formosa,20 a 29,Mujer,51785,42487
2018,34,Formosa,20 a 29,Varón,53320,40743
2018,34,Formosa,30 a 39,Mujer,37873,36130
2018,34,Formosa,30 a 39,Varón,34820,33863
2018,34,Formosa,40 a 49,Mujer,33475,29285
2018,34,Formosa,40 a 49,Varón,31324,28734
2018,34,Formosa,50 a 59,Mujer,27204,23824
2018,34,Formosa,50 a 59,Varón,26637,23753
2018,34,Formosa,60 a 69,Mujer,20773,15229
2018,34,Formosa,60 a 69,Varón,19544,15005
2018,34,Formosa,70 a 79,Mujer,11930,9104
2018,34,Formosa,70 a 79,Varón,10288,8277
2018,34,Formosa,80+,Mujer,6274,4395
2018,34,Formosa,80+,Varón,4526,3182
2018,38,Jujuy,20 a 29,Mujer,63738,55798
2018,38,Jujuy,20 a 29,Varón,64506,54632
2018,38,Jujuy,30 a 39,Mujer,54002,50276
2018,38,Jujuy,30 a 39,Varón,52041,48444
2018,38,Jujuy,40 a 49,Mujer,47212,36662
2018,38,Jujuy,40 a 49,Varón,44928,33957
2018,38,Jujuy,50 a 59,Mujer,34428,30305
2018,38,Jujuy,50 a 59,Varón,30901,27572
2018,38,Jujuy,60 a 69,Mujer,26764,20904
2018,38,Jujuy,60 a 69,Varón,23288,18701
2018,38,Jujuy,70 a 79,Mujer,16140,12149
2018,38,Jujuy,70 a 79,Varón,12892,10165
2018,38,Jujuy,80+,Mujer,8412,5755
2018,38,Jujuy,80+,Varón,5309,3646
2018,42,La Pampa,20 a 29,Mujer,26137,24110
2018,42,La Pampa,20 a 29,Varón,27221,24726
2018,42,La Pampa,30 a 39,Mujer,24727,22759
2018,42,La Pampa,30 a 39,Varón,24573,22690
2018,42,La Pampa,40 a 49,Mujer,22103,19422
2018,42,La Pampa,40 a 49,Varón,21707,19218
2018,42,La Pampa,50 a 59,Mujer,18601,16594
2018,42,La Pampa,50 a 59,Varón,18149,16721
2018,42,La Pampa,60 a 69,Mujer,15085,13333
2018,42,La Pampa,60 a 69,Varón,14468,12709
2018,42,La Pampa,70 a 79,Mujer,10870,9000
2018,42,La Pampa,70 a 79,Varón,8969,7219
2018,42,La Pampa,80+,Mujer,6843,5636
2018,42,La Pampa,80+,Varón,3858,2983
2018,46,La Rioja,20 a 29,Mujer,34953,29323
2018,46,La Rioja,20 a 29,Varón,35421,29077
2018,46,La Rioja,30 a 39,Mujer,28823,25216
2018,46,La Rioja,30 a 39,Varón,28443,24770
2018,46,La Rioja,40 a 49,Mujer,23415,18410
2018,46,La Rioja,40 a 49,Varón,23004,18365
2018,46,La Rioja,50 a 59,Mujer,17443,14788
2018,46,La Rioja,50 a 59,Varón,17131,14992
2018,46,La Rioja,60 a 69,Mujer,13281,9898
2018,46,La Rioja,60 a 69,Varón,12712,9589
2018,46,La Rioja,70 a 79,Mujer,7771,6094
2018,46,La Rioja,70 a 79,Varón,6541,4781
2018,46,La Rioja,80+,Mujer,4596,3380
2018,46,La Rioja,80+,Varón,2505,1961
2018,50,Mendoza,20 a 29,Mujer,154608,143248
2018,50,Mendoza,20 a 29,Varón,158406,145120
2018,50,Mendoza,30 a 39,Mujer,139164,125410
2018,50,Mendoza,30 a 39,Varón,138931,121617
2018,50,Mendoza,40 a 49,Mujer,118693,98351
2018,50,Mendoza,40 a 49,Varón,113304,91765
2018,50,Mendoza,50 a 59,Mujer,93851,89524
2018,50,Mendoza,50 a 59,Varón,85866,81164
2018,50,Mendoza,60 a 69,Mujer,82836,71371
2018,50,Mendoza,60 a 69,Varón,70596,61455
2018,50,Mendoza,70 a 79,Mujer,57128,46000
2018,50,Mendoza,70 a 79,Varón,43168,34677
2018,50,Mendoza,80+,Mujer,33473,26795
2018,50,Mendoza,80+,Varón,18606,14861
2018,54,Misiones,20 a 29,Mujer,108362,89578
2018,54,Misiones,20 a 29,Varón,109877,87159
2018,54,Misiones,30 a 39,Mujer,82260,73199
2018,54,Misiones,30 a 39,Varón,78772,70912
2018,54,Misiones,40 a 49,Mujer,67925,57850
2018,54,Misiones,40 a 49,Varón,65333,56999
2018,54,Misiones,50 a 59,Mujer,53971,45071
2018,54,Misiones,50 a 59,Varón,52886,46123
2018,54,Misiones,60 a 69,Mujer,38817,28340
2018,54,Misiones,60 a 69,Varón,37824,28054
2018,54,Misiones,70 a 79,Mujer,21749,17107
2018,54,Misiones,70 a 79,Varón,18568,14890
2018,54,Misiones,80+,Mujer,11974,7965
2018,54,Misiones,80+,Varón,7350,5466
2018,58,Neuquén,20 a 29,Mujer,50187,47321
2018,58,Neuquén,20 a 29,Varón,52182,47728
2018,58,Neuquén,30 a 39,Mujer,48868,45041
2018,58,Neuquén,30 a 39,Varón,48132,43939
2018,58,Neuquén,40 a 49,Mujer,43005,34847
2018,58,Neuquén,40 a 49,Varón,41372,33300
2018,58,Neuquén,50 a 59,Mujer,32778,26677
2018,58,Neuquén,50 a 59,Varón,30577,25989
2018,58,Neuquén,60 a 69,Mujer,23529,16656
2018,58,Neuquén,60 a 69,Varón,21678,15937
2018,58,Neuquén,70 a 79,Mujer,13144,9002
2018,58,Neuquén,70 a 79,Varón,10855,7371
2018,58,Neuquén,80+,Mujer,6901,4648
2018,58,Neuquén,80+,Varón,3952,2663
2018,62,Río Negro,20 a 29,Mujer,55984,50867
2018,62,Río Negro,20 a 29,Varón,58142,51658
2018,62,Río Negro,30 a 39,Mujer,53887,48271
2018,62,Río Negro,30 a 39,Varón,53437,47076
2018,62,Río Negro,40 a 49,Mujer,47056,38720
2018,62,Río Negro,40 a 49,Varón,45976,37436
2018,62,Río Negro,50 a 59,Mujer,36850,31683
2018,62,Río Negro,50 a 59,Varón,35229,30913
2018,62,Río Negro,60 a 69,Mujer,28578,22299
2018,62,Río Negro,60 a 69,Varón,26777,21326
2018,62,Río Negro,70 a 79,Mujer,17649,13149
2018,62,Río Negro,70 a 79,Varón,15028,11056
2018,62,Río Negro,80+,Mujer,9890,7326
2018,62,Río Negro,80+,Varón,6131,4361
2018,66,Salta,20 a 29,Mujer,119691,101105
2018,66,Salta,20 a 29,Varón,120919,98520
2018,66,Salta,30 a 39,Mujer,96164,86456
2018,66,Salta,30 a 39,Varón,91348,81823
2018,66,Salta,40 a 49,Mujer,80251,63821
2018,66,Salta,40 a 49,Varón,75640,61078
2018,66,Salta,50 a 59,Mujer,59241,51141
2018,66,Salta,50 a 59,Varón,55530,48303
2018,66,Salta,60 a 69,Mujer,45139,35343
2018,66,Salta,60 a 69,Varón,40388,32303
2018,66,Salta,70 a 79,Mujer,27492,21135
2018,66,Salta,70 a 79,Varón,22427,17844
2018,66,Salta,80+,Mujer,15127,10795
2018,66,Salta,80+,Varón,9310,6793
2018,70,San Juan,20 a 29,Mujer,61802,53972
2018,70,San Juan,20 a 29,Varón,63623,55025
2018,70,San Juan,30 a 39,Mujer,52254,48706
2018,70,San Juan,30 a 39,Varón,52679,48157
2018,70,San Juan,40 a 49,Mujer,46126,37731
2018,70,San Juan,40 a 49,Varón,44972,35454
2018,70,San Juan,50 a 59,Mujer,35746,33620
2018,70,San Juan,50 a 59,Varón,32686,30064
2018,70,San Juan,60 a 69,Mujer,30610,25952
2018,70,San Juan,60 a 69,Varón,25929,22262
2018,70,San Juan,70 a 79,Mujer,20132,15390
2018,70,San Juan,70 a 79,Varón,15201,11510
2018,70,San Juan,80+,Mujer,10127,7860
2018,70,San Juan,80+,Varón,5744,4512
2018,74,San Luis,20 a 29,Mujer,40021,34465
2018,74,San Luis,20 a 29,Varón,40759,34071
2018,74,San Luis,30 a 39,Mujer,35125,32029
2018,74,San Luis,30 a 39,Varón,34565,31792
2018,74,San Luis,40 a 49,Mujer,30562,24863
2018,74,San Luis,40 a 49,Varón,30517,24976
2018,74,San Luis,50 a 59,Mujer,23939,20990
2018,74,San Luis,50 a 59,Varón,23584,20512
2018,74,San Luis,60 a 69,Mujer,19682,15775
2018,74,San Luis,60 a 69,Varón,18033,14590
2018,74,San Luis,70 a 79,Mujer,12836,9507
2018,74,San Luis,70 a 79,Varón,10413,7553
2018,74,San Luis,80+,Mujer,7259,5366
2018,74,San Luis,80+,Varón,3956,2829
2018,78,Santa Cruz,20 a 29,Mujer,26476,23140
2018,78,Santa Cruz,20 a 29,Varón,27712,25478
2018,78,Santa Cruz,30 a 39,Mujer,28793,21647
2018,78,Santa Cruz,30 a 39,Varón,31421,23588
2018,78,Santa Cruz,40 a 49,Mujer,21604,15297
2018,78,Santa Cruz,40 a 49,Varón,23742,16602
2018,78,Santa Cruz,50 a 59,Mujer,14496,10995
2018,78,Santa Cruz,50 a 59,Varón,15826,12131
2018,78,Santa Cruz,60 a 69,Mujer,9490,6600
2018,78,Santa Cruz,60 a 69,Varón,9736,6458
2018,78,Santa Cruz,70 a 79,Mujer,5038,3512
2018,78,Santa Cruz,70 a 79,Varón,4097,3061
2018,78,Santa Cruz,80+,Mujer,2432,1495
2018,78,Santa Cruz,80+,Varón,1499,984
2018,82,Santa Fe,20 a 29,Mujer,273463,266632
2018,82,Santa Fe,20 a 29,Varón,275064,267420
2018,82,Santa Fe,30 a 39,Mujer,262686,233915
2018,82,Santa Fe,30 a 39,Varón,261923,229648
2018,82,Santa Fe,40 a 49,Mujer,218026,187158
2018,82,Santa Fe,40 a 49,Varón,211118,179642
2018,82,Santa Fe,50 a 59,Mujer,180185,170349
2018,82,Santa Fe,50 a 59,Varón,167187,158752
2018,82,Santa Fe,60 a 69,Mujer,155866,136948
2018,82,Santa Fe,60 a 69,Varón,133688,116654
2018,82,Santa Fe,70 a 79,Mujer,111363,100858
2018,82,Santa Fe,70 a 79,Varón,78971,69911
2018,82,Santa Fe,80+,Mujer,76832,67309
2018,82,Santa Fe,80+,Varón,35277,30934
2018,86,Santiago del Estero,20 a 29,Mujer,83211,69691
2018,86,Santiago del Estero,20 a 29,Varón,84781,68355
2018,86,Santiago del Estero,30 a 39,Mujer,65922,59949
2018,86,Santiago del Estero,30 a 39,Varón,61912,58360
2018,86,Santiago del Estero,40 a 49,Mujer,55017,42626
2018,86,Santiago del Estero,40 a 49,Varón,53528,43299
2018,86,Santiago del Estero,50 a 59,Mujer,39527,36278
2018,86,Santiago del Estero,50 a 59,Varón,39402,36907
2018,86,Santiago del Estero,60 a 69,Mujer,32029,25781
2018,86,Santiago del Estero,60 a 69,Varón,30874,25040
2018,86,Santiago del Estero,70 a 79,Mujer,20088,16769
2018,86,Santiago del Estero,70 a 79,Varón,16736,13548
2018,86,Santiago del Estero,80+,Mujer,11877,9462
2018,86,Santiago del Estero,80+,Varón,6729,5468
2018,90,Tucumán,20 a 29,Mujer,141672,123888
2018,90,Tucumán,20 a 29,Varón,142203,122597
2018,90,Tucumán,30 a 39,Mujer,119125,106238
2018,90,Tucumán,30 a 39,Varón,116443,103095
2018,90,Tucumán,40 a 49,Mujer,97457,77831
2018,90,Tucumán,40 a 49,Varón,93277,73627
2018,90,Tucumán,50 a 59,Mujer,74423,71659
2018,90,Tucumán,50 a 59,Varón,68685,67333
2018,90,Tucumán,60 a 69,Mujer,64122,48885
2018,90,Tucumán,60 a 69,Varón,57437,44157
2018,90,Tucumán,70 a 79,Mujer,37463,30700
2018,90,Tucumán,70 a 79,Varón,29323,22656
2018,90,Tucumán,80+,Mujer,21826,16936
2018,90,Tucumán,80+,Varón,11667,9437
2018,94,Tierra del Fuego,20 a 29,Mujer,12981,10947
2018,94,Tierra del Fuego,20 a 29,Varón,13573,11579
2018,94,Tierra del Fuego,30 a 39,Mujer,13707,10584
2018,94,Tierra del Fuego,30 a 39,Varón,14715,10983
2018,94,Tierra del Fuego,40 a 49,Mujer,11008,8665
2018,94,Tierra del Fuego,40 a 49,Varón,11196,8932
2018,94,Tierra del Fuego,50 a 59,Mujer,8367,5910
2018,94,Tierra del Fuego,50 a 59,Varón,8604,6577
2018,94,Tierra del Fuego,60 a 69,Mujer,4827,2677
2018,94,Tierra del Fuego,60 a 69,Varón,5182,2766
2018,94,Tierra del Fuego,70 a 79,Mujer,1925,1193
2018,94,Tierra del Fuego,70 a 79,Varón,1745,989
2018,94,Tierra del Fuego,80+,Mujer,847,532
2018,94,Tierra del Fuego,80+,Varón,480,268
